"(0.0, 0.0)" "(0.0, 0.0)" "(0.0, 0.0)" "(0.0, 0.0)"
"(0.0, 0.0)" "(0.0, 0.0)" "(0.0, 0.0)" "(0.0, 0.0)"
"(0.0, 0.0)" "(0.0, 0.0)" "(0.0, 0.0)" "(0.0, 0.0)"
"(0.0, 0.0)" "(0.0, 0.0)" "(0.0, 0.0)" "(0.0, 0.0)"
"(0.0, 0.0)" "(0.0, 0.0)" "(0.0, 0.0)" "(0.0, 0.0)"
"(0.0, 0.0)" "(0.0, 0.0)" "(0.0, 0.0)" "(0.0, 0.0)"
"(0.0, 0.0)" "(0.0, 0.0)" "(0.0, 0.0)" "(0.0, 0.0)"
"(0.0, 0.0)" "(0.0, 0.0)" "(0.0, 0.0)" "(0.0, 0.0)"
"(0.0, 0.0)" "(0.0, 0.0)" "(0.0, 0.0)" "(0.0, 0.0)"
"(0.0, 0.0)" "(0.0, 0.0)" "(0.0, 0.0)" "(0.0, 0.0)"
"(0.0, 0.0)" "(0.0, 0.0)" "(0.0, 0.0)" "(0.0, 0.0)"
"(0.0, 0.0)" "(0.0, 0.0)" "(0.0, 0.0)" "(0.0, 0.0)"
"(0.0, 0.0)" "(0.0, 0.0)" "(0.0, 0.0)" "(0.0, 0.0)"
"(0.0, 0.0)" "(0.0, 0.0)" "(0.0, 0.0)" "(0.0, 0.0)"
"(0.0, 0.0)" "(0.0, 0.0)" "(0.0, 0.0)" "(0.0, 0.0)"
"(0.0, 0.0)" "(0.0, 0.0)" "(0.0, 0.0)" "(0.0, 0.0)"
"(0.0, 0.0)" "(0.0, 0.0)" "(0.0, 0.0)" "(0.0, 0.0)"
"(0.0, 0.0)" "(0.0, 0.0)" "(0.0, 0.0)" "(0.0, 0.0)"
"(0.0, 0.0)" "(0.0, 0.0)" "(0.0, 0.0)" "(0.0, 0.0)"
"(0.0, 0.0)" "(0.0, 0.0)" "(0.0, 0.0)" "(0.0, 0.0)"
"(0.0, 0.0)" "(0.0, 0.0)" "(0.0, 0.0)" "(0.0, 0.0)"
"(3.4831003289473688, 3.6136513157894736)" "(0.0, 0.0)" "(0.0, 0.0)" "(0.0, 0.0)"
"(3.507121710526316, 3.624095394736842)" "(0.0, 0.0)" "(0.0, 0.0)" "(0.0, 0.0)"
"(3.5311430921052636, 3.624095394736842)" "(0.0, 0.0)" "(0.0, 0.0)" "(0.0, 0.0)"
"(3.5311430921052636, 3.6345394736842103)" "(0.0, 0.0)" "(0.0, 0.0)" "(0.0, 0.0)"
"(3.507121710526316, 3.6345394736842103)" "(0.0, 0.0)" "(0.0, 0.0)" "(0.0, 0.0)"
"(0.0, 0.0)" "(0.0, 0.0)" "(0.0, 0.0)" "(0.0, 0.0)"
"(0.0, 0.0)" "(0.0, 0.0)" "(0.0, 0.0)" "(0.0, 0.0)"
"(0.0, 0.0)" "(0.0, 0.0)" "(0.0, 0.0)" "(0.0, 0.0)"
"(0.0, 0.0)" "(0.0, 0.0)" "(0.0, 0.0)" "(0.0, 0.0)"
"(0.0, 0.0)" "(0.0, 0.0)" "(0.0, 0.0)" "(0.0, 0.0)"
"(0.0, 0.0)" "(0.0, 0.0)" "(0.0, 0.0)" "(0.0, 0.0)"
"(0.0, 0.0)" "(0.0, 0.0)" "(0.0, 0.0)" "(0.0, 0.0)"
"(0.0, 0.0)" "(0.0, 0.0)" "(0.0, 0.0)" "(0.0, 0.0)"
"(0.0, 0.0)" "(0.0, 0.0)" "(0.0, 0.0)" "(0.0, 0.0)"
"(0.0, 0.0)" "(0.0, 0.0)" "(0.0, 0.0)" "(0.0, 0.0)"
"(3.5311430921052636, 3.624095394736842)" "(0.0, 0.0)" "(0.0, 0.0)" "(0.0, 0.0)"
"(3.5311430921052636, 3.6449835526315786)" "(0.0, 0.0)" "(0.0, 0.0)" "(0.0, 0.0)"
"(3.555164473684211, 3.6449835526315786)" "(0.0, 0.0)" "(0.0, 0.0)" "(0.0, 0.0)"
"(3.507121710526316, 3.6345394736842103)" "(0.0, 0.0)" "(0.0, 0.0)" "(0.0, 0.0)"
"(0.0, 0.0)" "(0.0, 0.0)" "(0.0, 0.0)" "(0.0, 0.0)"
"(0.0, 0.0)" "(0.0, 0.0)" "(0.0, 0.0)" "(0.0, 0.0)"
"(0.0, 0.0)" "(0.0, 0.0)" "(0.0, 0.0)" "(0.0, 0.0)"
"(0.0, 0.0)" "(0.0, 0.0)" "(0.0, 0.0)" "(0.0, 0.0)"
"(0.0, 0.0)" "(0.0, 0.0)" "(0.0, 0.0)" "(0.0, 0.0)"
"(0.0, 0.0)" "(0.0, 0.0)" "(0.0, 0.0)" "(0.0, 0.0)"
"(0.0, 0.0)" "(0.0, 0.0)" "(0.0, 0.0)" "(0.0, 0.0)"
"(0.0, 0.0)" "(0.0, 0.0)" "(0.0, 0.0)" "(0.0, 0.0)"
"(0.0, 0.0)" "(0.0, 0.0)" "(0.0, 0.0)" "(0.0, 0.0)"
"(0.0, 0.0)" "(0.0, 0.0)" "(0.0, 0.0)" "(0.0, 0.0)"
"(0.0, 0.0)" "(0.0, 0.0)" "(0.0, 0.0)" "(0.0, 0.0)"
"(0.0, 0.0)" "(0.0, 0.0)" "(0.0, 0.0)" "(0.0, 0.0)"
"(0.0, 0.0)" "(0.0, 0.0)" "(0.0, 0.0)" "(0.0, 0.0)"
"(0.0, 0.0)" "(0.0, 0.0)" "(0.0, 0.0)" "(0.0, 0.0)"
"(0.0, 0.0)" "(0.0, 0.0)" "(0.0, 0.0)" "(0.0, 0.0)"
"(0.0, 0.0)" "(0.0, 0.0)" "(0.0, 0.0)" "(0.0, 0.0)"
"(0.0, 0.0)" "(0.0, 0.0)" "(0.0, 0.0)" "(0.0, 0.0)"
"(0.0, 0.0)" "(0.0, 0.0)" "(0.0, 0.0)" "(0.0, 0.0)"
"(0.0, 0.0)" "(0.0, 0.0)" "(0.0, 0.0)" "(0.0, 0.0)"
"(0.0, 0.0)" "(0.0, 0.0)" "(0.0, 0.0)" "(0.0, 0.0)"
"(0.0, 0.0)" "(0.0, 0.0)" "(0.0, 0.0)" "(0.0, 0.0)"
"(3.387014802631579, 3.738980263157895)" "(0.0, 0.0)" "(0.0, 0.0)" "(0.0, 0.0)"
"(3.387014802631579, 3.728536184210526)" "(0.0, 0.0)" "(0.0, 0.0)" "(0.0, 0.0)"
"(3.3389720394736844, 3.7180921052631577)" "(0.0, 0.0)" "(0.0, 0.0)" "(0.0, 0.0)"
"(3.3629934210526318, 3.749424342105263)" "(0.0, 0.0)" "(0.0, 0.0)" "(0.0, 0.0)"
"(0.0, 0.0)" "(0.0, 0.0)" "(0.0, 0.0)" "(0.0, 0.0)"
"(4.227763157894737, 3.7598684210526314)" "(0.0, 0.0)" "(0.0, 0.0)" "(0.0, 0.0)"
"(4.371891447368421, 3.7598684210526314)" "(0.0, 0.0)" "(0.0, 0.0)" "(0.0, 0.0)"
"(0.0, 0.0)" "(0.0, 0.0)" "(0.0, 0.0)" "(0.0, 0.0)"
"(0.0, 0.0)" "(0.0, 0.0)" "(0.0, 0.0)" "(0.0, 0.0)"
"(0.0, 0.0)" "(0.0, 0.0)" "(0.0, 0.0)" "(0.0, 0.0)"
"(0.0, 0.0)" "(0.0, 0.0)" "(0.0, 0.0)" "(0.0, 0.0)"
"(0.0, 0.0)" "(0.0, 0.0)" "(0.0, 0.0)" "(0.0, 0.0)"
"(4.708190789473685, 3.9374177631578946)" "(0.0, 0.0)" "(0.0, 0.0)" "(0.0, 0.0)"
"(4.516019736842106, 3.96875)" "(0.0, 0.0)" "(0.0, 0.0)" "(0.0, 0.0)"
"(0.0, 0.0)" "(0.0, 0.0)" "(0.0, 0.0)" "(0.0, 0.0)"
"(4.5640625, 3.947861842105263)" "(0.0, 0.0)" "(0.0, 0.0)" "(0.0, 0.0)"
"(0.0, 0.0)" "(0.0, 0.0)" "(0.0, 0.0)" "(0.0, 0.0)"
"(0.0, 0.0)" "(0.0, 0.0)" "(0.0, 0.0)" "(0.0, 0.0)"
"(0.0, 0.0)" "(0.0, 0.0)" "(0.0, 0.0)" "(0.0, 0.0)"
"(0.0, 0.0)" "(0.0, 0.0)" "(0.0, 0.0)" "(0.0, 0.0)"
"(0.0, 0.0)" "(0.0, 0.0)" "(0.0, 0.0)" "(0.0, 0.0)"
"(0.0, 0.0)" "(0.0, 0.0)" "(0.0, 0.0)" "(0.0, 0.0)"
"(0.0, 0.0)" "(0.0, 0.0)" "(0.0, 0.0)" "(0.0, 0.0)"
"(0.0, 0.0)" "(0.0, 0.0)" "(0.0, 0.0)" "(0.0, 0.0)"
"(0.0, 0.0)" "(0.0, 0.0)" "(0.0, 0.0)" "(0.0, 0.0)"
"(0.0, 0.0)" "(0.0, 0.0)" "(0.0, 0.0)" "(0.0, 0.0)"
"(0.0, 0.0)" "(0.0, 0.0)" "(0.0, 0.0)" "(0.0, 0.0)"
"(0.0, 0.0)" "(0.0, 0.0)" "(0.0, 0.0)" "(0.0, 0.0)"
"(0.0, 0.0)" "(0.0, 0.0)" "(0.0, 0.0)" "(0.0, 0.0)"
"(0.0, 0.0)" "(0.0, 0.0)" "(0.0, 0.0)" "(0.0, 0.0)"
"(0.0, 0.0)" "(20.658388157894738, 4.146299342105263)" "(0.0, 0.0)" "(0.0, 0.0)"
"(0.0, 0.0)" "(21.09077302631579, 4.135855263157895)" "(0.0, 0.0)" "(0.0, 0.0)"
"(0.0, 0.0)" "(0.0, 0.0)" "(0.0, 0.0)" "(0.0, 0.0)"
"(0.0, 0.0)" "(0.0, 0.0)" "(0.0, 0.0)" "(0.0, 0.0)"
"(0.0, 0.0)" "(0.0, 0.0)" "(0.0, 0.0)" "(0.0, 0.0)"
"(0.0, 0.0)" "(0.0, 0.0)" "(0.0, 0.0)" "(0.0, 0.0)"
"(0.0, 0.0)" "(0.0, 0.0)" "(0.0, 0.0)" "(0.0, 0.0)"
"(0.0, 0.0)" "(0.0, 0.0)" "(0.0, 0.0)" "(0.0, 0.0)"
"(0.0, 0.0)" "(0.0, 0.0)" "(0.0, 0.0)" "(0.0, 0.0)"
"(0.0, 0.0)" "(0.0, 0.0)" "(0.0, 0.0)" "(0.0, 0.0)"
"(0.0, 0.0)" "(0.0, 0.0)" "(0.0, 0.0)" "(0.0, 0.0)"
"(0.0, 0.0)" "(0.0, 0.0)" "(0.0, 0.0)" "(0.0, 0.0)"
"(0.0, 0.0)" "(0.0, 0.0)" "(0.0, 0.0)" "(0.0, 0.0)"
"(0.0, 0.0)" "(0.0, 0.0)" "(0.0, 0.0)" "(0.0, 0.0)"
"(0.0, 0.0)" "(0.0, 0.0)" "(0.0, 0.0)" "(0.0, 0.0)"
"(0.0, 0.0)" "(0.0, 0.0)" "(0.0, 0.0)" "(0.0, 0.0)"
"(0.0, 0.0)" "(0.0, 0.0)" "(0.0, 0.0)" "(0.0, 0.0)"
"(0.0, 0.0)" "(0.0, 0.0)" "(0.0, 0.0)" "(0.0, 0.0)"
"(0.0, 0.0)" "(0.0, 0.0)" "(0.0, 0.0)" "(0.0, 0.0)"
"(0.0, 0.0)" "(0.0, 0.0)" "(0.0, 0.0)" "(0.0, 0.0)"
"(0.0, 0.0)" "(0.0, 0.0)" "(0.0, 0.0)" "(0.0, 0.0)"
"(0.0, 0.0)" "(0.0, 0.0)" "(0.0, 0.0)" "(0.0, 0.0)"
"(0.0, 0.0)" "(0.0, 0.0)" "(0.0, 0.0)" "(0.0, 0.0)"
"(0.0, 0.0)" "(0.0, 0.0)" "(0.0, 0.0)" "(0.0, 0.0)"
"(0.0, 0.0)" "(0.0, 0.0)" "(0.0, 0.0)" "(0.0, 0.0)"
"(0.0, 0.0)" "(0.0, 0.0)" "(0.0, 0.0)" "(0.0, 0.0)"
"(0.0, 0.0)" "(0.0, 0.0)" "(0.0, 0.0)" "(0.0, 0.0)"
"(0.0, 0.0)" "(0.0, 0.0)" "(0.0, 0.0)" "(0.0, 0.0)"
"(0.0, 0.0)" "(0.0, 0.0)" "(0.0, 0.0)" "(0.0, 0.0)"
"(0.0, 0.0)" "(0.0, 0.0)" "(0.0, 0.0)" "(0.0, 0.0)"
"(0.0, 0.0)" "(0.0, 0.0)" "(0.0, 0.0)" "(0.0, 0.0)"
"(0.0, 0.0)" "(0.0, 0.0)" "(0.0, 0.0)" "(0.0, 0.0)"
"(0.0, 0.0)" "(0.0, 0.0)" "(0.0, 0.0)" "(0.0, 0.0)"
"(0.0, 0.0)" "(0.0, 0.0)" "(0.0, 0.0)" "(0.0, 0.0)"
"(0.0, 0.0)" "(0.0, 0.0)" "(0.0, 0.0)" "(0.0, 0.0)"
"(0.0, 0.0)" "(0.0, 0.0)" "(0.0, 0.0)" "(0.0, 0.0)"
"(0.0, 0.0)" "(0.0, 0.0)" "(0.0, 0.0)" "(0.0, 0.0)"
"(0.0, 0.0)" "(0.0, 0.0)" "(0.0, 0.0)" "(0.0, 0.0)"
"(0.0, 0.0)" "(0.0, 0.0)" "(0.0, 0.0)" "(0.0, 0.0)"
"(0.0, 0.0)" "(0.0, 0.0)" "(0.0, 0.0)" "(0.0, 0.0)"
"(0.0, 0.0)" "(0.0, 0.0)" "(0.0, 0.0)" "(0.0, 0.0)"
"(0.0, 0.0)" "(0.0, 0.0)" "(0.0, 0.0)" "(0.0, 0.0)"
"(0.0, 0.0)" "(0.0, 0.0)" "(0.0, 0.0)" "(0.0, 0.0)"
"(0.0, 0.0)" "(0.0, 0.0)" "(0.0, 0.0)" "(0.0, 0.0)"
"(0.0, 0.0)" "(0.0, 0.0)" "(0.0, 0.0)" "(0.0, 0.0)"
"(0.0, 0.0)" "(0.0, 0.0)" "(0.0, 0.0)" "(0.0, 0.0)"
"(0.0, 0.0)" "(0.0, 0.0)" "(0.0, 0.0)" "(0.0, 0.0)"
"(0.0, 0.0)" "(0.0, 0.0)" "(0.0, 0.0)" "(0.0, 0.0)"
"(0.0, 0.0)" "(0.0, 0.0)" "(0.0, 0.0)" "(0.0, 0.0)"
"(0.0, 0.0)" "(0.0, 0.0)" "(0.0, 0.0)" "(0.0, 0.0)"
"(0.0, 0.0)" "(0.0, 0.0)" "(0.0, 0.0)" "(0.0, 0.0)"
"(0.0, 0.0)" "(0.0, 0.0)" "(0.0, 0.0)" "(0.0, 0.0)"
"(0.0, 0.0)" "(0.0, 0.0)" "(0.0, 0.0)" "(0.0, 0.0)"
"(0.0, 0.0)" "(0.0, 0.0)" "(0.0, 0.0)" "(0.0, 0.0)"
"(0.0, 0.0)" "(0.0, 0.0)" "(0.0, 0.0)" "(0.0, 0.0)"
"(0.0, 0.0)" "(28.008930921052634, 4.062746710526316)" "(0.0, 0.0)" "(0.0, 0.0)"
"(0.0, 0.0)" "(0.0, 0.0)" "(0.0, 0.0)" "(0.0, 0.0)"
"(0.0, 0.0)" "(27.984909539473687, 4.1254111842105265)" "(0.0, 0.0)" "(0.0, 0.0)"
"(0.0, 0.0)" "(0.0, 0.0)" "(0.0, 0.0)" "(0.0, 0.0)"
"(0.0, 0.0)" "(0.0, 0.0)" "(0.0, 0.0)" "(0.0, 0.0)"
"(0.0, 0.0)" "(0.0, 0.0)" "(0.0, 0.0)" "(0.0, 0.0)"
"(0.0, 0.0)" "(27.432417763157897, 4.020970394736842)" "(0.0, 0.0)" "(0.0, 0.0)"
"(0.0, 0.0)" "(0.0, 0.0)" "(0.0, 0.0)" "(0.0, 0.0)"
"(0.0, 0.0)" "(0.0, 0.0)" "(0.0, 0.0)" "(0.0, 0.0)"
"(0.0, 0.0)" "(26.591669407894738, 3.9896381578947366)" "(0.0, 0.0)" "(0.0, 0.0)"
"(0.0, 0.0)" "(0.0, 0.0)" "(0.0, 0.0)" "(0.0, 0.0)"
"(0.0, 0.0)" "(0.0, 0.0)" "(0.0, 0.0)" "(0.0, 0.0)"
"(0.0, 0.0)" "(0.0, 0.0)" "(0.0, 0.0)" "(0.0, 0.0)"
"(0.0, 0.0)" "(0.0, 0.0)" "(0.0, 0.0)" "(0.0, 0.0)"
"(0.0, 0.0)" "(0.0, 0.0)" "(0.0, 0.0)" "(0.0, 0.0)"
"(0.0, 0.0)" "(0.0, 0.0)" "(0.0, 0.0)" "(0.0, 0.0)"
"(0.0, 0.0)" "(0.0, 0.0)" "(0.0, 0.0)" "(0.0, 0.0)"
"(0.0, 0.0)" "(0.0, 0.0)" "(0.0, 0.0)" "(0.0, 0.0)"
"(0.0, 0.0)" "(0.0, 0.0)" "(0.0, 0.0)" "(0.0, 0.0)"
"(0.0, 0.0)" "(0.0, 0.0)" "(0.0, 0.0)" "(0.0, 0.0)"
"(0.0, 0.0)" "(0.0, 0.0)" "(0.0, 0.0)" "(0.0, 0.0)"
"(0.0, 0.0)" "(0.0, 0.0)" "(0.0, 0.0)" "(0.0, 0.0)"
"(0.0, 0.0)" "(0.0, 0.0)" "(0.0, 0.0)" "(0.0, 0.0)"
"(0.0, 0.0)" "(0.0, 0.0)" "(4.347870065789474, 9.00279605263158)" "(0.0, 0.0)"
"(0.0, 0.0)" "(0.0, 0.0)" "(0.0, 0.0)" "(0.0, 0.0)"
"(0.0, 0.0)" "(0.0, 0.0)" "(0.0, 0.0)" "(0.0, 0.0)"
"(0.0, 0.0)" "(0.0, 0.0)" "(4.588083881578948, 8.877467105263158)" "(0.0, 0.0)"
"(0.0, 0.0)" "(0.0, 0.0)" "(4.780254934210527, 8.793914473684211)" "(0.0, 0.0)"
"(0.0, 0.0)" "(0.0, 0.0)" "(0.0, 0.0)" "(0.0, 0.0)"
"(0.0, 0.0)" "(0.0, 0.0)" "(0.0, 0.0)" "(0.0, 0.0)"
"(0.0, 0.0)" "(0.0, 0.0)" "(0.0, 0.0)" "(0.0, 0.0)"
"(0.0, 0.0)" "(0.0, 0.0)" "(0.0, 0.0)" "(0.0, 0.0)"
"(0.0, 0.0)" "(0.0, 0.0)" "(0.0, 0.0)" "(0.0, 0.0)"
"(0.0, 0.0)" "(0.0, 0.0)" "(0.0, 0.0)" "(0.0, 0.0)"
"(0.0, 0.0)" "(0.0, 0.0)" "(0.0, 0.0)" "(0.0, 0.0)"
"(0.0, 0.0)" "(0.0, 0.0)" "(0.0, 0.0)" "(0.0, 0.0)"
"(0.0, 0.0)" "(0.0, 0.0)" "(0.0, 0.0)" "(0.0, 0.0)"
"(0.0, 0.0)" "(0.0, 0.0)" "(0.0, 0.0)" "(0.0, 0.0)"
"(0.0, 0.0)" "(0.0, 0.0)" "(0.0, 0.0)" "(0.0, 0.0)"
"(0.0, 0.0)" "(0.0, 0.0)" "(0.0, 0.0)" "(0.0, 0.0)"
"(0.0, 0.0)" "(0.0, 0.0)" "(0.0, 0.0)" "(0.0, 0.0)"
"(0.0, 0.0)" "(0.0, 0.0)" "(0.0, 0.0)" "(0.0, 0.0)"
"(0.0, 0.0)" "(0.0, 0.0)" "(0.0, 0.0)" "(0.0, 0.0)"
"(0.0, 0.0)" "(0.0, 0.0)" "(0.0, 0.0)" "(0.0, 0.0)"
"(0.0, 0.0)" "(0.0, 0.0)" "(0.0, 0.0)" "(0.0, 0.0)"
"(0.0, 0.0)" "(0.0, 0.0)" "(0.0, 0.0)" "(0.0, 0.0)"
"(0.0, 0.0)" "(0.0, 0.0)" "(0.0, 0.0)" "(0.0, 0.0)"
"(0.0, 0.0)" "(0.0, 0.0)" "(0.0, 0.0)" "(0.0, 0.0)"
"(0.0, 0.0)" "(0.0, 0.0)" "(0.0, 0.0)" "(0.0, 0.0)"
"(0.0, 0.0)" "(0.0, 0.0)" "(0.0, 0.0)" "(0.0, 0.0)"
"(0.0, 0.0)" "(0.0, 0.0)" "(0.0, 0.0)" "(0.0, 0.0)"
"(0.0, 0.0)" "(0.0, 0.0)" "(0.0, 0.0)" "(0.0, 0.0)"
"(0.0, 0.0)" "(0.0, 0.0)" "(0.0, 0.0)" "(0.0, 0.0)"
"(0.0, 0.0)" "(0.0, 0.0)" "(0.0, 0.0)" "(0.0, 0.0)"
"(0.0, 0.0)" "(23.492911184210527, 4.03141447368421)" "(0.0, 0.0)" "(0.0, 0.0)"
"(0.0, 0.0)" "(23.444868421052632, 4.000082236842105)" "(0.0, 0.0)" "(0.0, 0.0)"
"(0.0, 0.0)" "(0.0, 0.0)" "(0.0, 0.0)" "(0.0, 0.0)"
"(0.0, 0.0)" "(0.0, 0.0)" "(0.0, 0.0)" "(0.0, 0.0)"
"(0.0, 0.0)" "(0.0, 0.0)" "(0.0, 0.0)" "(0.0, 0.0)"
"(0.0, 0.0)" "(0.0, 0.0)" "(0.0, 0.0)" "(0.0, 0.0)"
"(0.0, 0.0)" "(0.0, 0.0)" "(0.0, 0.0)" "(0.0, 0.0)"
"(0.0, 0.0)" "(23.37280427631579, 4.03141447368421)" "(0.0, 0.0)" "(0.0, 0.0)"
"(0.0, 0.0)" "(23.348782894736843, 4.010526315789473)" "(0.0, 0.0)" "(0.0, 0.0)"
"(0.0, 0.0)" "(0.0, 0.0)" "(0.0, 0.0)" "(0.0, 0.0)"
"(0.0, 0.0)" "(0.0, 0.0)" "(0.0, 0.0)" "(0.0, 0.0)"
"(0.0, 0.0)" "(0.0, 0.0)" "(0.0, 0.0)" "(0.0, 0.0)"
"(0.0, 0.0)" "(23.37280427631579, 4.000082236842105)" "(0.0, 0.0)" "(0.0, 0.0)"
"(0.0, 0.0)" "(0.0, 0.0)" "(0.0, 0.0)" "(0.0, 0.0)"
"(0.0, 0.0)" "(0.0, 0.0)" "(0.0, 0.0)" "(0.0, 0.0)"
"(0.0, 0.0)" "(23.03650493421053, 4.041858552631579)" "(0.0, 0.0)" "(0.0, 0.0)"
"(0.0, 0.0)" "(0.0, 0.0)" "(0.0, 0.0)" "(0.0, 0.0)"
"(0.0, 0.0)" "(0.0, 0.0)" "(0.0, 0.0)" "(0.0, 0.0)"
"(0.0, 0.0)" "(22.8683552631579, 4.041858552631579)" "(0.0, 0.0)" "(0.0, 0.0)"
"(10.59342927631579, 3.7703124999999997)" "(0.0, 0.0)" "(0.0, 0.0)" "(0.0, 0.0)"
"(10.59342927631579, 3.7703124999999997)" "(0.0, 0.0)" "(0.0, 0.0)" "(0.0, 0.0)"
"(10.569407894736843, 3.7703124999999997)" "(0.0, 0.0)" "(0.0, 0.0)" "(0.0, 0.0)"
"(10.59342927631579, 3.7703124999999997)" "(0.0, 0.0)" "(0.0, 0.0)" "(0.0, 0.0)"
"(10.545386513157895, 3.7703124999999997)" "(0.0, 0.0)" "(0.0, 0.0)" "(0.0, 0.0)"
"(10.545386513157895, 3.780756578947368)" "(0.0, 0.0)" "(0.0, 0.0)" "(0.0, 0.0)"
"(10.59342927631579, 3.7703124999999997)" "(0.0, 0.0)" "(0.0, 0.0)" "(0.0, 0.0)"
"(10.569407894736843, 3.780756578947368)" "(0.0, 0.0)" "(0.0, 0.0)" "(0.0, 0.0)"
"(10.641472039473685, 3.780756578947368)" "(0.0, 0.0)" "(0.0, 0.0)" "(0.0, 0.0)"
"(10.59342927631579, 3.7703124999999997)" "(0.0, 0.0)" "(0.0, 0.0)" "(0.0, 0.0)"
"(10.641472039473685, 3.780756578947368)" "(0.0, 0.0)" "(0.0, 0.0)" "(0.0, 0.0)"
"(10.569407894736843, 3.7703124999999997)" "(0.0, 0.0)" "(0.0, 0.0)" "(0.0, 0.0)"
"(10.617450657894738, 3.780756578947368)" "(0.0, 0.0)" "(0.0, 0.0)" "(0.0, 0.0)"
"(10.617450657894738, 3.780756578947368)" "(0.0, 0.0)" "(0.0, 0.0)" "(0.0, 0.0)"
"(10.569407894736843, 3.7703124999999997)" "(0.0, 0.0)" "(0.0, 0.0)" "(0.0, 0.0)"
"(10.617450657894738, 3.780756578947368)" "(0.0, 0.0)" "(0.0, 0.0)" "(0.0, 0.0)"
"(10.59342927631579, 3.7703124999999997)" "(0.0, 0.0)" "(0.0, 0.0)" "(0.0, 0.0)"
"(10.617450657894738, 3.7703124999999997)" "(0.0, 0.0)" "(0.0, 0.0)" "(0.0, 0.0)"
"(10.59342927631579, 3.780756578947368)" "(0.0, 0.0)" "(0.0, 0.0)" "(0.0, 0.0)"
"(10.569407894736843, 3.7703124999999997)" "(0.0, 0.0)" "(0.0, 0.0)" "(0.0, 0.0)"
"(10.521365131578948, 3.7598684210526314)" "(0.0, 0.0)" "(0.0, 0.0)" "(0.0, 0.0)"
"(10.49734375, 3.7598684210526314)" "(0.0, 0.0)" "(0.0, 0.0)" "(0.0, 0.0)"
"(10.569407894736843, 3.780756578947368)" "(0.0, 0.0)" "(0.0, 0.0)" "(0.0, 0.0)"
"(10.59342927631579, 3.780756578947368)" "(0.0, 0.0)" "(0.0, 0.0)" "(0.0, 0.0)"
"(0.0, 0.0)" "(0.0, 0.0)" "(0.0, 0.0)" "(0.0, 0.0)"
"(0.0, 0.0)" "(0.0, 0.0)" "(0.0, 0.0)" "(0.0, 0.0)"
"(0.0, 0.0)" "(0.0, 0.0)" "(0.0, 0.0)" "(0.0, 0.0)"
"(11.698412828947369, 3.728536184210526)" "(0.0, 0.0)" "(0.0, 0.0)" "(0.0, 0.0)"
"(11.482220394736844, 3.7076480263157894)" "(0.0, 0.0)" "(0.0, 0.0)" "(0.0, 0.0)"
"(11.410156250000002, 3.6867598684210523)" "(0.0, 0.0)" "(0.0, 0.0)" "(0.0, 0.0)"
"(11.554284539473684, 3.7076480263157894)" "(0.0, 0.0)" "(0.0, 0.0)" "(0.0, 0.0)"
"(11.458199013157897, 3.6867598684210523)" "(0.0, 0.0)" "(0.0, 0.0)" "(0.0, 0.0)"
"(11.530263157894737, 3.697203947368421)" "(0.0, 0.0)" "(0.0, 0.0)" "(0.0, 0.0)"
"(0.0, 0.0)" "(0.0, 0.0)" "(0.0, 0.0)" "(0.0, 0.0)"
"(0.0, 0.0)" "(0.0, 0.0)" "(0.0, 0.0)" "(0.0, 0.0)"
"(0.0, 0.0)" "(0.0, 0.0)" "(0.0, 0.0)" "(0.0, 0.0)"
"(0.0, 0.0)" "(0.0, 0.0)" "(0.0, 0.0)" "(0.0, 0.0)"
"(0.0, 0.0)" "(0.0, 0.0)" "(0.0, 0.0)" "(0.0, 0.0)"
"(0.0, 0.0)" "(0.0, 0.0)" "(0.0, 0.0)" "(0.0, 0.0)"
"(0.0, 0.0)" "(0.0, 0.0)" "(0.0, 0.0)" "(0.0, 0.0)"
"(0.0, 0.0)" "(0.0, 0.0)" "(0.0, 0.0)" "(0.0, 0.0)"
"(0.0, 0.0)" "(0.0, 0.0)" "(0.0, 0.0)" "(0.0, 0.0)"
"(0.0, 0.0)" "(0.0, 0.0)" "(4.924383223684211, 9.05501644736842)" "(0.0, 0.0)"
"(11.674391447368421, 3.697203947368421)" "(0.0, 0.0)" "(0.0, 0.0)" "(0.0, 0.0)"
"(11.650370065789474, 3.6867598684210523)" "(0.0, 0.0)" "(0.0, 0.0)" "(0.0, 0.0)"
"(11.626348684210527, 3.6867598684210523)" "(0.0, 0.0)" "(0.0, 0.0)" "(0.0, 0.0)"
"(11.698412828947369, 3.697203947368421)" "(0.0, 0.0)" "(0.0, 0.0)" "(0.0, 0.0)"
"(11.698412828947369, 3.697203947368421)" "(0.0, 0.0)" "(0.0, 0.0)" "(0.0, 0.0)"
"(11.674391447368421, 3.6867598684210523)" "(0.0, 0.0)" "(0.0, 0.0)" "(0.0, 0.0)"
"(11.722434210526316, 3.697203947368421)" "(0.0, 0.0)" "(0.0, 0.0)" "(0.0, 0.0)"
"(11.722434210526316, 3.6867598684210523)" "(0.0, 0.0)" "(0.0, 0.0)" "(0.0, 0.0)"
"(11.746455592105264, 3.676315789473684)" "(0.0, 0.0)" "(0.0, 0.0)" "(0.0, 0.0)"
"(11.794498355263158, 3.6867598684210523)" "(0.0, 0.0)" "(0.0, 0.0)" "(0.0, 0.0)"
"(11.722434210526316, 3.6867598684210523)" "(0.0, 0.0)" "(0.0, 0.0)" "(0.0, 0.0)"
"(11.698412828947369, 3.676315789473684)" "(0.0, 0.0)" "(0.0, 0.0)" "(0.0, 0.0)"
"(11.746455592105264, 3.6658717105263157)" "(0.0, 0.0)" "(0.0, 0.0)" "(0.0, 0.0)"
"(11.794498355263158, 3.6554276315789473)" "(0.0, 0.0)" "(0.0, 0.0)" "(0.0, 0.0)"
"(11.770476973684211, 3.6449835526315786)" "(0.0, 0.0)" "(0.0, 0.0)" "(0.0, 0.0)"
"(11.794498355263158, 3.6554276315789473)" "(0.0, 0.0)" "(0.0, 0.0)" "(0.0, 0.0)"
"(11.722434210526316, 3.6554276315789473)" "(0.0, 0.0)" "(0.0, 0.0)" "(0.0, 0.0)"
"(11.746455592105264, 3.6658717105263157)" "(0.0, 0.0)" "(0.0, 0.0)" "(0.0, 0.0)"
"(11.770476973684211, 3.6658717105263157)" "(0.0, 0.0)" "(0.0, 0.0)" "(0.0, 0.0)"
"(11.770476973684211, 3.6554276315789473)" "(0.0, 0.0)" "(0.0, 0.0)" "(0.0, 0.0)"
"(11.746455592105264, 3.6658717105263157)" "(0.0, 0.0)" "(0.0, 0.0)" "(0.0, 0.0)"
"(11.698412828947369, 3.676315789473684)" "(0.0, 0.0)" "(0.0, 0.0)" "(0.0, 0.0)"
"(11.674391447368421, 3.676315789473684)" "(0.0, 0.0)" "(0.0, 0.0)" "(0.0, 0.0)"
"(11.674391447368421, 3.6867598684210523)" "(0.0, 0.0)" "(0.0, 0.0)" "(0.0, 0.0)"
"(0.0, 0.0)" "(0.0, 0.0)" "(0.0, 0.0)" "(0.0, 0.0)"
"(0.0, 0.0)" "(0.0, 0.0)" "(0.0, 0.0)" "(0.0, 0.0)"
"(0.0, 0.0)" "(0.0, 0.0)" "(0.0, 0.0)" "(0.0, 0.0)"
"(0.0, 0.0)" "(0.0, 0.0)" "(13.52403782894737, 9.107236842105262)" "(0.0, 0.0)"
"(0.0, 0.0)" "(0.0, 0.0)" "(0.0, 0.0)" "(0.0, 0.0)"
"(0.0, 0.0)" "(0.0, 0.0)" "(13.572080592105264, 9.096792763157895)" "(0.0, 0.0)"
"(0.0, 0.0)" "(0.0, 0.0)" "(0.0, 0.0)" "(0.0, 0.0)"
"(0.0, 0.0)" "(0.0, 0.0)" "(0.0, 0.0)" "(0.0, 0.0)"
"(0.0, 0.0)" "(0.0, 0.0)" "(0.0, 0.0)" "(0.0, 0.0)"
"(0.0, 0.0)" "(0.0, 0.0)" "(0.0, 0.0)" "(0.0, 0.0)"
"(0.0, 0.0)" "(0.0, 0.0)" "(0.0, 0.0)" "(0.0, 0.0)"
"(0.0, 0.0)" "(0.0, 0.0)" "(0.0, 0.0)" "(0.0, 0.0)"
"(0.0, 0.0)" "(0.0, 0.0)" "(0.0, 0.0)" "(0.0, 0.0)"
"(0.0, 0.0)" "(0.0, 0.0)" "(0.0, 0.0)" "(0.0, 0.0)"
"(0.0, 0.0)" "(0.0, 0.0)" "(0.0, 0.0)" "(0.0, 0.0)"
"(0.0, 0.0)" "(0.0, 0.0)" "(0.0, 0.0)" "(0.0, 0.0)"
"(0.0, 0.0)" "(0.0, 0.0)" "(13.812294407894738, 9.086348684210526)" "(0.0, 0.0)"
"(0.0, 0.0)" "(0.0, 0.0)" "(13.78827302631579, 9.107236842105262)" "(0.0, 0.0)"
"(0.0, 0.0)" "(0.0, 0.0)" "(0.0, 0.0)" "(0.0, 0.0)"
"(0.0, 0.0)" "(0.0, 0.0)" "(13.908379934210528, 9.034128289473683)" "(0.0, 0.0)"
"(0.0, 0.0)" "(0.0, 0.0)" "(13.836315789473685, 9.044572368421052)" "(0.0, 0.0)"
"(0.0, 0.0)" "(0.0, 0.0)" "(13.836315789473685, 9.013240131578947)" "(0.0, 0.0)"
"(0.0, 0.0)" "(0.0, 0.0)" "(13.88435855263158, 9.013240131578947)" "(0.0, 0.0)"
"(0.0, 0.0)" "(0.0, 0.0)" "(13.812294407894738, 9.023684210526316)" "(0.0, 0.0)"
"(0.0, 0.0)" "(0.0, 0.0)" "(13.78827302631579, 9.00279605263158)" "(0.0, 0.0)"
"(0.0, 0.0)" "(0.0, 0.0)" "(13.88435855263158, 8.971463815789473)" "(0.0, 0.0)"
"(0.0, 0.0)" "(0.0, 0.0)" "(13.956422697368422, 9.013240131578947)" "(0.0, 0.0)"
"(0.0, 0.0)" "(0.0, 0.0)" "(13.836315789473685, 9.034128289473683)" "(0.0, 0.0)"
"(0.0, 0.0)" "(0.0, 0.0)" "(13.836315789473685, 8.99235197368421)" "(0.0, 0.0)"
"(0.0, 0.0)" "(0.0, 0.0)" "(0.0, 0.0)" "(0.0, 0.0)"
"(0.0, 0.0)" "(0.0, 0.0)" "(0.0, 0.0)" "(0.0, 0.0)"
"(0.0, 0.0)" "(0.0, 0.0)" "(0.0, 0.0)" "(0.0, 0.0)"
"(0.0, 0.0)" "(0.0, 0.0)" "(0.0, 0.0)" "(0.0, 0.0)"
"(0.0, 0.0)" "(0.0, 0.0)" "(0.0, 0.0)" "(0.0, 0.0)"
"(0.0, 0.0)" "(0.0, 0.0)" "(0.0, 0.0)" "(0.0, 0.0)"
"(0.0, 0.0)" "(0.0, 0.0)" "(0.0, 0.0)" "(0.0, 0.0)"
"(0.0, 0.0)" "(0.0, 0.0)" "(0.0, 0.0)" "(0.0, 0.0)"
"(0.0, 0.0)" "(0.0, 0.0)" "(14.821192434210527, 9.075904605263158)" "(0.0, 0.0)"
"(0.0, 0.0)" "(0.0, 0.0)" "(14.773149671052632, 9.044572368421052)" "(0.0, 0.0)"
"(0.0, 0.0)" "(0.0, 0.0)" "(0.0, 0.0)" "(0.0, 0.0)"
"(0.0, 0.0)" "(0.0, 0.0)" "(14.725106907894737, 9.013240131578947)" "(0.0, 0.0)"
"(0.0, 0.0)" "(0.0, 0.0)" "(14.749128289473685, 9.023684210526316)" "(0.0, 0.0)"
"(0.0, 0.0)" "(0.0, 0.0)" "(0.0, 0.0)" "(0.0, 0.0)"
"(0.0, 0.0)" "(0.0, 0.0)" "(0.0, 0.0)" "(0.0, 0.0)"
"(0.0, 0.0)" "(0.0, 0.0)" "(0.0, 0.0)" "(0.0, 0.0)"
"(0.0, 0.0)" "(0.0, 0.0)" "(0.0, 0.0)" "(0.0, 0.0)"
"(0.0, 0.0)" "(0.0, 0.0)" "(0.0, 0.0)" "(0.0, 0.0)"
"(4.299827302631579, 3.780756578947368)" "(0.0, 0.0)" "(14.773149671052632, 9.065460526315789)" "(0.0, 0.0)"
"(4.323848684210526, 3.791200657894737)" "(0.0, 0.0)" "(14.845213815789474, 9.013240131578947)" "(0.0, 0.0)"
"(4.299827302631579, 3.791200657894737)" "(0.0, 0.0)" "(14.845213815789474, 9.00279605263158)" "(0.0, 0.0)"
"(4.371891447368421, 3.749424342105263)" "(0.0, 0.0)" "(14.869235197368422, 9.013240131578947)" "(0.0, 0.0)"
"(4.20374177631579, 3.7598684210526314)" "(0.0, 0.0)" "(14.917277960526317, 9.00279605263158)" "(0.0, 0.0)"
"(0.0, 0.0)" "(0.0, 0.0)" "(14.941299342105264, 9.013240131578947)" "(0.0, 0.0)"
"(0.0, 0.0)" "(0.0, 0.0)" "(14.917277960526317, 8.981907894736842)" "(0.0, 0.0)"
"(0.0, 0.0)" "(0.0, 0.0)" "(14.965320723684211, 8.940131578947367)" "(0.0, 0.0)"
"(0.0, 0.0)" "(0.0, 0.0)" "(15.181513157894738, 8.846134868421052)" "(0.0, 0.0)"
"(0.0, 0.0)" "(0.0, 0.0)" "(15.181513157894738, 8.825246710526315)" "(0.0, 0.0)"
"(0.0, 0.0)" "(0.0, 0.0)" "(15.25357730263158, 8.783470394736842)" "(0.0, 0.0)"
"(0.0, 0.0)" "(0.0, 0.0)" "(15.301620065789475, 8.720805921052632)" "(0.0, 0.0)"
"(0.0, 0.0)" "(0.0, 0.0)" "(15.25357730263158, 8.720805921052632)" "(0.0, 0.0)"
"(4.179720394736843, 3.7598684210526314)" "(0.0, 0.0)" "(15.373684210526317, 8.679029605263157)" "(0.0, 0.0)"
"(4.011570723684211, 3.728536184210526)" "(0.0, 0.0)" "(15.325641447368422, 8.66858552631579)" "(0.0, 0.0)"
"(3.939506578947369, 3.697203947368421)" "(0.0, 0.0)" "(15.34966282894737, 8.65814144736842)" "(0.0, 0.0)"
"(3.9635279605263163, 3.738980263157895)" "(0.0, 0.0)" "(15.397705592105265, 8.66858552631579)" "(0.0, 0.0)"
"(0.0, 0.0)" "(0.0, 0.0)" "(15.373684210526317, 8.689473684210526)" "(0.0, 0.0)"
"(0.0, 0.0)" "(0.0, 0.0)" "(15.397705592105265, 8.710361842105263)" "(0.0, 0.0)"
"(3.65125, 3.6554276315789473)" "(0.0, 0.0)" "(15.301620065789475, 8.73125)" "(0.0, 0.0)"
"(3.4831003289473688, 3.6867598684210523)" "(0.0, 0.0)" "(15.133470394736843, 8.793914473684211)" "(0.0, 0.0)"
"(3.314950657894737, 3.6554276315789473)" "(0.0, 0.0)" "(14.965320723684211, 8.85657894736842)" "(0.0, 0.0)"
"(3.2669078947368426, 3.6449835526315786)" "(0.0, 0.0)" "(14.725106907894737, 8.940131578947367)" "(0.0, 0.0)"
"(3.1948437500000004, 3.6554276315789473)" "(0.0, 0.0)" "(14.677064144736843, 9.00279605263158)" "(0.0, 0.0)"
"(3.1468009868421056, 3.6032072368421053)" "(0.0, 0.0)" "(0.0, 0.0)" "(0.0, 0.0)"
"(3.0747368421052634, 3.4883223684210525)" "(0.0, 0.0)" "(0.0, 0.0)" "(0.0, 0.0)"
"(3.050715460526316, 3.498766447368421)" "(0.0, 0.0)" "(0.0, 0.0)" "(0.0, 0.0)"
"(3.0266940789473686, 3.425657894736842)" "(0.0, 0.0)" "(0.0, 0.0)" "(0.0, 0.0)"
"(3.0747368421052634, 3.467434210526316)" "(0.0, 0.0)" "(0.0, 0.0)" "(0.0, 0.0)"
"(2.978651315789474, 3.4152138157894734)" "(0.0, 0.0)" "(0.0, 0.0)" "(0.0, 0.0)"
"(2.930608552631579, 3.3421052631578947)" "(0.0, 0.0)" "(0.0, 0.0)" "(0.0, 0.0)"
"(2.9546299342105264, 3.2898848684210527)" "(0.0, 0.0)" "(0.0, 0.0)" "(0.0, 0.0)"
"(2.83452302631579, 3.248108552631579)" "(0.0, 0.0)" "(0.0, 0.0)" "(0.0, 0.0)"
"(2.8585444078947373, 3.206332236842105)" "(0.0, 0.0)" "(0.0, 0.0)" "(0.0, 0.0)"
"(2.7624588815789477, 3.227220394736842)" "(0.0, 0.0)" "(0.0, 0.0)" "(0.0, 0.0)"
"(2.786480263157895, 3.23766447368421)" "(0.0, 0.0)" "(0.0, 0.0)" "(0.0, 0.0)"
"(2.8825657894736842, 3.227220394736842)" "(0.0, 0.0)" "(0.0, 0.0)" "(0.0, 0.0)"
"(2.714416118421053, 3.227220394736842)" "(0.0, 0.0)" "(0.0, 0.0)" "(0.0, 0.0)"
"(2.7624588815789477, 3.23766447368421)" "(0.0, 0.0)" "(0.0, 0.0)" "(0.0, 0.0)"
"(2.786480263157895, 3.2585526315789473)" "(0.0, 0.0)" "(0.0, 0.0)" "(0.0, 0.0)"
"(2.7384375000000003, 3.2689967105263156)" "(0.0, 0.0)" "(0.0, 0.0)" "(0.0, 0.0)"
"(2.7624588815789477, 3.248108552631579)" "(18.712656250000002, 3.9583059210526312)" "(0.0, 0.0)" "(0.0, 0.0)"
"(2.8825657894736842, 3.2167763157894735)" "(19.00091282894737, 3.895641447368421)" "(0.0, 0.0)" "(0.0, 0.0)"
"(2.930608552631579, 3.195888157894737)" "(19.072976973684213, 3.8643092105263155)" "(0.0, 0.0)" "(0.0, 0.0)"
"(2.9065871710526316, 3.195888157894737)" "(18.952870065789476, 3.8225328947368418)" "(0.0, 0.0)" "(0.0, 0.0)"
"(2.978651315789474, 3.248108552631579)" "(19.00091282894737, 3.780756578947368)" "(0.0, 0.0)" "(0.0, 0.0)"
"(2.714416118421053, 3.206332236842105)" "(18.976891447368423, 3.7703124999999997)" "(0.0, 0.0)" "(0.0, 0.0)"
"(2.7384375000000003, 3.2167763157894735)" "(18.880805921052634, 3.7598684210526314)" "(0.0, 0.0)" "(0.0, 0.0)"
"(2.7624588815789477, 3.206332236842105)" "(18.688634868421055, 3.728536184210526)" "(0.0, 0.0)" "(0.0, 0.0)"
"(2.6903947368421055, 3.195888157894737)" "(18.664613486842107, 3.6136513157894736)" "(13.668166118421054, 9.149013157894736)" "(0.0, 0.0)"
"(2.7624588815789477, 3.185444078947368)" "(18.64059210526316, 3.5614309210526316)" "(13.572080592105264, 9.107236842105262)" "(0.0, 0.0)"
"(2.714416118421053, 3.185444078947368)" "(18.760699013157897, 3.519654605263158)" "(0.0, 0.0)" "(0.0, 0.0)"
"(2.714416118421053, 3.175)" "(18.83276315789474, 3.498766447368421)" "(0.0, 0.0)" "(0.0, 0.0)"
"(2.6903947368421055, 3.195888157894737)" "(0.0, 0.0)" "(0.0, 0.0)" "(0.0, 0.0)"
"(2.7624588815789477, 3.206332236842105)" "(0.0, 0.0)" "(0.0, 0.0)" "(0.0, 0.0)"
"(2.7624588815789477, 3.195888157894737)" "(0.0, 0.0)" "(0.0, 0.0)" "(0.0, 0.0)"
"(2.7384375000000003, 3.206332236842105)" "(0.0, 0.0)" "(0.0, 0.0)" "(0.0, 0.0)"
"(0.0, 0.0)" "(0.0, 0.0)" "(0.0, 0.0)" "(0.0, 0.0)"
"(0.0, 0.0)" "(0.0, 0.0)" "(0.0, 0.0)" "(0.0, 0.0)"
"(2.8105016447368425, 3.2167763157894735)" "(0.0, 0.0)" "(0.0, 0.0)" "(0.0, 0.0)"
"(2.930608552631579, 3.206332236842105)" "(0.0, 0.0)" "(0.0, 0.0)" "(0.0, 0.0)"
"(2.786480263157895, 3.2167763157894735)" "(0.0, 0.0)" "(13.548059210526317, 8.91924342105263)" "(0.0, 0.0)"
"(2.8825657894736842, 3.248108552631579)" "(0.0, 0.0)" "(13.52403782894737, 8.9296875)" "(0.0, 0.0)"
"(2.978651315789474, 3.2167763157894735)" "(19.00091282894737, 3.6136513157894736)" "(0.0, 0.0)" "(0.0, 0.0)"
"(2.9546299342105264, 3.206332236842105)" "(0.0, 0.0)" "(0.0, 0.0)" "(0.0, 0.0)"
"(2.8825657894736842, 3.23766447368421)" "(19.09699835526316, 3.728536184210526)" "(0.0, 0.0)" "(0.0, 0.0)"
"(2.9065871710526316, 3.2689967105263156)" "(18.92884868421053, 3.749424342105263)" "(0.0, 0.0)" "(0.0, 0.0)"
"(3.0026726973684212, 3.248108552631579)" "(19.145041118421055, 3.8329769736842105)" "(0.0, 0.0)" "(0.0, 0.0)"
"(3.050715460526316, 3.300328947368421)" "(19.19308388157895, 3.8851973684210526)" "(0.0, 0.0)" "(0.0, 0.0)"
"(3.0266940789473686, 3.3212171052631576)" "(0.0, 0.0)" "(0.0, 0.0)" "(0.0, 0.0)"
"(3.050715460526316, 3.3212171052631576)" "(0.0, 0.0)" "(0.0, 0.0)" "(0.0, 0.0)"
"(3.0266940789473686, 3.3943256578947367)" "(0.0, 0.0)" "(0.0, 0.0)" "(0.0, 0.0)"
"(3.1468009868421056, 3.456990131578947)" "(0.0, 0.0)" "(0.0, 0.0)" "(0.0, 0.0)"
"(3.170822368421053, 3.509210526315789)" "(0.0, 0.0)" "(13.644144736842106, 8.773026315789473)" "(0.0, 0.0)"
"(3.3389720394736844, 3.6136513157894736)" "(0.0, 0.0)" "(0.0, 0.0)" "(0.0, 0.0)"
"(0.0, 0.0)" "(0.0, 0.0)" "(13.475995065789474, 8.762582236842105)" "(0.0, 0.0)"
"(0.0, 0.0)" "(0.0, 0.0)" "(13.475995065789474, 8.73125)" "(0.0, 0.0)"
"(3.3629934210526318, 3.676315789473684)" "(0.0, 0.0)" "(13.451973684210527, 8.73125)" "(0.0, 0.0)"
"(0.0, 0.0)" "(0.0, 0.0)" "(13.33186677631579, 8.741694078947368)" "(0.0, 0.0)"
"(0.0, 0.0)" "(0.0, 0.0)" "(0.0, 0.0)" "(0.0, 0.0)"
"(0.0, 0.0)" "(0.0, 0.0)" "(0.0, 0.0)" "(0.0, 0.0)"
"(0.0, 0.0)" "(0.0, 0.0)" "(0.0, 0.0)" "(0.0, 0.0)"
"(0.0, 0.0)" "(0.0, 0.0)" "(13.764251644736843, 8.835690789473684)" "(0.0, 0.0)"
"(0.0, 0.0)" "(0.0, 0.0)" "(13.78827302631579, 8.877467105263158)" "(0.0, 0.0)"
"(0.0, 0.0)" "(0.0, 0.0)" "(13.716208881578948, 8.898355263157894)" "(0.0, 0.0)"
"(0.0, 0.0)" "(0.0, 0.0)" "(13.668166118421054, 8.908799342105263)" "(0.0, 0.0)"
"(0.0, 0.0)" "(0.0, 0.0)" "(0.0, 0.0)" "(0.0, 0.0)"
"(0.0, 0.0)" "(0.0, 0.0)" "(0.0, 0.0)" "(0.0, 0.0)"
"(0.0, 0.0)" "(0.0, 0.0)" "(0.0, 0.0)" "(0.0, 0.0)"
"(3.1948437500000004, 3.9583059210526312)" "(0.0, 0.0)" "(0.0, 0.0)" "(0.0, 0.0)"
"(3.1948437500000004, 3.9374177631578946)" "(0.0, 0.0)" "(13.716208881578948, 8.898355263157894)" "(0.0, 0.0)"
"(3.3389720394736844, 3.9269736842105263)" "(0.0, 0.0)" "(0.0, 0.0)" "(0.0, 0.0)"
"(3.4590789473684214, 3.906085526315789)" "(0.0, 0.0)" "(0.0, 0.0)" "(0.0, 0.0)"
"(3.5311430921052636, 3.9165296052631575)" "(0.0, 0.0)" "(13.52403782894737, 9.05501644736842)" "(0.0, 0.0)"
"(0.0, 0.0)" "(0.0, 0.0)" "(13.475995065789474, 9.05501644736842)" "(0.0, 0.0)"
"(0.0, 0.0)" "(0.0, 0.0)" "(0.0, 0.0)" "(0.0, 0.0)"
"(0.0, 0.0)" "(0.0, 0.0)" "(0.0, 0.0)" "(0.0, 0.0)"
"(0.0, 0.0)" "(24.910172697368424, 4.083634868421052)" "(0.0, 0.0)" "(0.0, 0.0)"
"(0.0, 0.0)" "(0.0, 0.0)" "(0.0, 0.0)" "(0.0, 0.0)"
"(3.507121710526316, 3.9583059210526312)" "(25.67885690789474, 4.104523026315789)" "(0.0, 0.0)" "(0.0, 0.0)"
"(3.7473355263157897, 3.96875)" "(0.0, 0.0)" "(0.0, 0.0)" "(0.0, 0.0)"
"(0.0, 0.0)" "(0.0, 0.0)" "(0.0, 0.0)" "(0.0, 0.0)"
"(0.0, 0.0)" "(27.000032894736844, 4.1254111842105265)" "(0.0, 0.0)" "(0.0, 0.0)"
"(0.0, 0.0)" "(0.0, 0.0)" "(0.0, 0.0)" "(0.0, 0.0)"
"(0.0, 0.0)" "(0.0, 0.0)" "(0.0, 0.0)" "(0.0, 0.0)"
"(4.467976973684211, 3.906085526315789)" "(0.0, 0.0)" "(0.0, 0.0)" "(0.0, 0.0)"
"(4.5640625, 3.895641447368421)" "(0.0, 0.0)" "(0.0, 0.0)" "(0.0, 0.0)"
"(4.684169407894737, 3.9374177631578946)" "(0.0, 0.0)" "(0.0, 0.0)" "(0.0, 0.0)"
"(4.708190789473685, 3.9791940789473683)" "(0.0, 0.0)" "(0.0, 0.0)" "(0.0, 0.0)"
"(4.804276315789474, 3.9583059210526312)" "(0.0, 0.0)" "(0.0, 0.0)" "(0.0, 0.0)"
"(0.0, 0.0)" "(28.561422697368425, 4.03141447368421)" "(0.0, 0.0)" "(0.0, 0.0)"
"(0.0, 0.0)" "(28.633486842105267, 4.020970394736842)" "(0.0, 0.0)" "(0.0, 0.0)"
"(5.957302631578948, 3.9165296052631575)" "(28.753593750000004, 4.010526315789473)" "(0.0, 0.0)" "(0.0, 0.0)"
"(6.557837171052632, 3.9374177631578946)" "(28.753593750000004, 3.9896381578947366)" "(0.0, 0.0)" "(0.0, 0.0)"
"(6.870115131578948, 4.000082236842105)" "(0.0, 0.0)" "(0.0, 0.0)" "(0.0, 0.0)"
"(0.0, 0.0)" "(0.0, 0.0)" "(0.0, 0.0)" "(0.0, 0.0)"
"(0.0, 0.0)" "(28.921743421052636, 4.020970394736842)" "(0.0, 0.0)" "(0.0, 0.0)"
"(0.0, 0.0)" "(28.87370065789474, 4.010526315789473)" "(0.0, 0.0)" "(0.0, 0.0)"
"(0.0, 0.0)" "(28.87370065789474, 4.03141447368421)" "(0.0, 0.0)" "(0.0, 0.0)"
"(0.0, 0.0)" "(28.849679276315793, 4.020970394736842)" "(0.0, 0.0)" "(0.0, 0.0)"
"(0.0, 0.0)" "(28.87370065789474, 4.020970394736842)" "(0.0, 0.0)" "(0.0, 0.0)"
"(0.0, 0.0)" "(28.87370065789474, 4.03141447368421)" "(0.0, 0.0)" "(0.0, 0.0)"
"(0.0, 0.0)" "(28.8016365131579, 4.03141447368421)" "(0.0, 0.0)" "(0.0, 0.0)"
"(0.0, 0.0)" "(28.825657894736846, 4.020970394736842)" "(0.0, 0.0)" "(0.0, 0.0)"
"(0.0, 0.0)" "(28.753593750000004, 4.041858552631579)" "(0.0, 0.0)" "(0.0, 0.0)"
"(0.0, 0.0)" "(28.753593750000004, 4.073190789473684)" "(0.0, 0.0)" "(0.0, 0.0)"
"(0.0, 0.0)" "(28.77761513157895, 4.062746710526316)" "(0.0, 0.0)" "(0.0, 0.0)"
"(0.0, 0.0)" "(28.753593750000004, 4.062746710526316)" "(0.0, 0.0)" "(0.0, 0.0)"
"(0.0, 0.0)" "(28.753593750000004, 4.073190789473684)" "(0.0, 0.0)" "(0.0, 0.0)"
"(0.0, 0.0)" "(28.77761513157895, 4.073190789473684)" "(0.0, 0.0)" "(0.0, 0.0)"
"(0.0, 0.0)" "(28.77761513157895, 4.020970394736842)" "(0.0, 0.0)" "(0.0, 0.0)"
"(0.0, 0.0)" "(28.77761513157895, 4.000082236842105)" "(0.0, 0.0)" "(0.0, 0.0)"
"(0.0, 0.0)" "(0.0, 0.0)" "(0.0, 0.0)" "(0.0, 0.0)"
"(0.0, 0.0)" "(28.77761513157895, 4.010526315789473)" "(0.0, 0.0)" "(0.0, 0.0)"
"(0.0, 0.0)" "(28.849679276315793, 4.010526315789473)" "(0.0, 0.0)" "(0.0, 0.0)"
"(0.0, 0.0)" "(0.0, 0.0)" "(0.0, 0.0)" "(0.0, 0.0)"
"(0.0, 0.0)" "(0.0, 0.0)" "(0.0, 0.0)" "(0.0, 0.0)"
"(0.0, 0.0)" "(0.0, 0.0)" "(0.0, 0.0)" "(0.0, 0.0)"
"(0.0, 0.0)" "(0.0, 0.0)" "(0.0, 0.0)" "(0.0, 0.0)"
"(0.0, 0.0)" "(0.0, 0.0)" "(0.0, 0.0)" "(0.0, 0.0)"
"(0.0, 0.0)" "(0.0, 0.0)" "(0.0, 0.0)" "(0.0, 0.0)"
"(0.0, 0.0)" "(0.0, 0.0)" "(0.0, 0.0)" "(0.0, 0.0)"
"(0.0, 0.0)" "(0.0, 0.0)" "(0.0, 0.0)" "(0.0, 0.0)"
"(0.0, 0.0)" "(0.0, 0.0)" "(0.0, 0.0)" "(0.0, 0.0)"
"(0.0, 0.0)" "(0.0, 0.0)" "(0.0, 0.0)" "(0.0, 0.0)"
"(0.0, 0.0)" "(0.0, 0.0)" "(0.0, 0.0)" "(0.0, 0.0)"
"(0.0, 0.0)" "(0.0, 0.0)" "(0.0, 0.0)" "(0.0, 0.0)"
"(0.0, 0.0)" "(0.0, 0.0)" "(0.0, 0.0)" "(0.0, 0.0)"
"(0.0, 0.0)" "(0.0, 0.0)" "(0.0, 0.0)" "(0.0, 0.0)"
"(0.0, 0.0)" "(29.16195723684211, 4.177631578947368)" "(0.0, 0.0)" "(0.0, 0.0)"
"(0.0, 0.0)" "(0.0, 0.0)" "(0.0, 0.0)" "(0.0, 0.0)"
"(0.0, 0.0)" "(0.0, 0.0)" "(0.0, 0.0)" "(0.0, 0.0)"
"(0.0, 0.0)" "(0.0, 0.0)" "(0.0, 0.0)" "(0.0, 0.0)"
"(0.0, 0.0)" "(0.0, 0.0)" "(0.0, 0.0)" "(0.0, 0.0)"
"(0.0, 0.0)" "(0.0, 0.0)" "(0.0, 0.0)" "(0.0, 0.0)"
"(0.0, 0.0)" "(0.0, 0.0)" "(0.0, 0.0)" "(0.0, 0.0)"
"(0.0, 0.0)" "(0.0, 0.0)" "(0.0, 0.0)" "(0.0, 0.0)"
"(0.0, 0.0)" "(29.16195723684211, 4.219407894736842)" "(0.0, 0.0)" "(0.0, 0.0)"
"(13.764251644736843, 3.8643092105263155)" "(29.16195723684211, 4.229851973684211)" "(0.0, 0.0)" "(0.0, 0.0)"
"(0.0, 0.0)" "(0.0, 0.0)" "(0.0, 0.0)" "(0.0, 0.0)"
"(0.0, 0.0)" "(29.16195723684211, 4.229851973684211)" "(0.0, 0.0)" "(0.0, 0.0)"
"(0.0, 0.0)" "(0.0, 0.0)" "(0.0, 0.0)" "(0.0, 0.0)"
"(0.0, 0.0)" "(0.0, 0.0)" "(0.0, 0.0)" "(0.0, 0.0)"
"(0.0, 0.0)" "(0.0, 0.0)" "(0.0, 0.0)" "(0.0, 0.0)"
"(0.0, 0.0)" "(0.0, 0.0)" "(0.0, 0.0)" "(0.0, 0.0)"
"(0.0, 0.0)" "(29.16195723684211, 4.208963815789473)" "(4.852319078947369, 9.013240131578947)" "(0.0, 0.0)"
"(0.0, 0.0)" "(29.16195723684211, 4.198519736842105)" "(0.0, 0.0)" "(0.0, 0.0)"
"(0.0, 0.0)" "(29.16195723684211, 4.1880756578947365)" "(0.0, 0.0)" "(0.0, 0.0)"
"(0.0, 0.0)" "(29.16195723684211, 4.1880756578947365)" "(0.0, 0.0)" "(0.0, 0.0)"
"(0.0, 0.0)" "(29.16195723684211, 4.198519736842105)" "(0.0, 0.0)" "(0.0, 0.0)"
"(13.716208881578948, 3.8643092105263155)" "(29.16195723684211, 4.198519736842105)" "(0.0, 0.0)" "(0.0, 0.0)"
"(0.0, 0.0)" "(29.16195723684211, 4.219407894736842)" "(0.0, 0.0)" "(0.0, 0.0)"
"(0.0, 0.0)" "(29.16195723684211, 4.208963815789473)" "(0.0, 0.0)" "(0.0, 0.0)"
"(0.0, 0.0)" "(29.16195723684211, 4.219407894736842)" "(0.0, 0.0)" "(0.0, 0.0)"
"(0.0, 0.0)" "(29.16195723684211, 4.208963815789473)" "(0.0, 0.0)" "(0.0, 0.0)"
"(0.0, 0.0)" "(29.16195723684211, 4.219407894736842)" "(0.0, 0.0)" "(0.0, 0.0)"
"(0.0, 0.0)" "(0.0, 0.0)" "(0.0, 0.0)" "(0.0, 0.0)"
"(0.0, 0.0)" "(0.0, 0.0)" "(0.0, 0.0)" "(0.0, 0.0)"
"(0.0, 0.0)" "(29.16195723684211, 4.1880756578947365)" "(0.0, 0.0)" "(0.0, 0.0)"
"(0.0, 0.0)" "(0.0, 0.0)" "(0.0, 0.0)" "(0.0, 0.0)"
"(0.0, 0.0)" "(0.0, 0.0)" "(0.0, 0.0)" "(0.0, 0.0)"
"(0.0, 0.0)" "(0.0, 0.0)" "(0.0, 0.0)" "(0.0, 0.0)"
"(0.0, 0.0)" "(28.8016365131579, 4.062746710526316)" "(0.0, 0.0)" "(0.0, 0.0)"
"(0.0, 0.0)" "(28.657508223684214, 4.062746710526316)" "(0.0, 0.0)" "(0.0, 0.0)"
"(0.0, 0.0)" "(0.0, 0.0)" "(0.0, 0.0)" "(0.0, 0.0)"
"(0.0, 0.0)" "(0.0, 0.0)" "(0.0, 0.0)" "(0.0, 0.0)"
"(0.0, 0.0)" "(0.0, 0.0)" "(0.0, 0.0)" "(0.0, 0.0)"
"(0.0, 0.0)" "(0.0, 0.0)" "(0.0, 0.0)" "(0.0, 0.0)"
"(0.0, 0.0)" "(0.0, 0.0)" "(0.0, 0.0)" "(0.0, 0.0)"
"(0.0, 0.0)" "(0.0, 0.0)" "(0.0, 0.0)" "(0.0, 0.0)"
"(0.0, 0.0)" "(0.0, 0.0)" "(0.0, 0.0)" "(0.0, 0.0)"
"(0.0, 0.0)" "(0.0, 0.0)" "(0.0, 0.0)" "(0.0, 0.0)"
"(0.0, 0.0)" "(0.0, 0.0)" "(0.0, 0.0)" "(0.0, 0.0)"
"(0.0, 0.0)" "(0.0, 0.0)" "(0.0, 0.0)" "(0.0, 0.0)"
"(0.0, 0.0)" "(0.0, 0.0)" "(0.0, 0.0)" "(0.0, 0.0)"
"(0.0, 0.0)" "(0.0, 0.0)" "(0.0, 0.0)" "(0.0, 0.0)"
"(0.0, 0.0)" "(27.48046052631579, 4.083634868421052)" "(0.0, 0.0)" "(0.0, 0.0)"
"(0.0, 0.0)" "(27.456439144736844, 4.073190789473684)" "(0.0, 0.0)" "(0.0, 0.0)"
"(0.0, 0.0)" "(0.0, 0.0)" "(0.0, 0.0)" "(0.0, 0.0)"
"(0.0, 0.0)" "(0.0, 0.0)" "(0.0, 0.0)" "(0.0, 0.0)"
"(0.0, 0.0)" "(0.0, 0.0)" "(0.0, 0.0)" "(0.0, 0.0)"
"(0.0, 0.0)" "(0.0, 0.0)" "(0.0, 0.0)" "(0.0, 0.0)"
"(6.4857730263157904, 3.749424342105263)" "(0.0, 0.0)" "(0.0, 0.0)" "(0.0, 0.0)"
"(0.0, 0.0)" "(0.0, 0.0)" "(0.0, 0.0)" "(0.0, 0.0)"
"(6.2455592105263165, 3.6867598684210523)" "(0.0, 0.0)" "(0.0, 0.0)" "(0.0, 0.0)"
"(6.0053453947368425, 3.6554276315789473)" "(0.0, 0.0)" "(0.0, 0.0)" "(0.0, 0.0)"
"(6.02936677631579, 3.7180921052631577)" "(0.0, 0.0)" "(0.0, 0.0)" "(0.0, 0.0)"
"(0.0, 0.0)" "(27.04807565789474, 4.104523026315789)" "(0.0, 0.0)" "(0.0, 0.0)"
"(0.0, 0.0)" "(27.04807565789474, 4.073190789473684)" "(0.0, 0.0)" "(0.0, 0.0)"
"(0.0, 0.0)" "(26.95199013157895, 4.062746710526316)" "(0.0, 0.0)" "(0.0, 0.0)"
"(0.0, 0.0)" "(26.92796875, 4.073190789473684)" "(0.0, 0.0)" "(0.0, 0.0)"
"(0.0, 0.0)" "(26.85590460526316, 4.062746710526316)" "(0.0, 0.0)" "(0.0, 0.0)"
"(0.0, 0.0)" "(26.879925986842107, 4.083634868421052)" "(0.0, 0.0)" "(0.0, 0.0)"
"(0.0, 0.0)" "(26.903947368421054, 4.073190789473684)" "(0.0, 0.0)" "(0.0, 0.0)"
"(0.0, 0.0)" "(26.879925986842107, 4.073190789473684)" "(0.0, 0.0)" "(0.0, 0.0)"
"(0.0, 0.0)" "(26.85590460526316, 4.083634868421052)" "(0.0, 0.0)" "(0.0, 0.0)"
"(0.0, 0.0)" "(26.831883223684212, 4.083634868421052)" "(0.0, 0.0)" "(0.0, 0.0)"
"(0.0, 0.0)" "(26.735797697368422, 4.104523026315789)" "(0.0, 0.0)" "(0.0, 0.0)"
"(0.0, 0.0)" "(26.711776315789475, 4.094078947368421)" "(0.0, 0.0)" "(0.0, 0.0)"
"(0.0, 0.0)" "(26.831883223684212, 4.094078947368421)" "(0.0, 0.0)" "(0.0, 0.0)"
"(4.371891447368421, 3.7703124999999997)" "(0.0, 0.0)" "(0.0, 0.0)" "(0.0, 0.0)"
"(4.251784539473684, 3.7703124999999997)" "(0.0, 0.0)" "(0.0, 0.0)" "(0.0, 0.0)"
"(4.20374177631579, 3.7703124999999997)" "(0.0, 0.0)" "(0.0, 0.0)" "(0.0, 0.0)"
"(4.1556990131578955, 3.7703124999999997)" "(0.0, 0.0)" "(0.0, 0.0)" "(0.0, 0.0)"
"(4.131677631578948, 3.728536184210526)" "(0.0, 0.0)" "(0.0, 0.0)" "(0.0, 0.0)"
"(4.1556990131578955, 3.749424342105263)" "(0.0, 0.0)" "(0.0, 0.0)" "(0.0, 0.0)"
"(4.011570723684211, 3.7598684210526314)" "(26.879925986842107, 4.094078947368421)" "(0.0, 0.0)" "(0.0, 0.0)"
"(4.059613486842106, 3.7703124999999997)" "(26.735797697368422, 4.094078947368421)" "(0.0, 0.0)" "(0.0, 0.0)"
"(0.0, 0.0)" "(26.735797697368422, 4.094078947368421)" "(0.0, 0.0)" "(0.0, 0.0)"
"(0.0, 0.0)" "(26.783840460526317, 4.1254111842105265)" "(0.0, 0.0)" "(0.0, 0.0)"
"(0.0, 0.0)" "(26.807861842105265, 4.094078947368421)" "(0.0, 0.0)" "(0.0, 0.0)"
"(3.4831003289473688, 3.738980263157895)" "(26.879925986842107, 4.083634868421052)" "(0.0, 0.0)" "(0.0, 0.0)"
"(0.0, 0.0)" "(0.0, 0.0)" "(0.0, 0.0)" "(0.0, 0.0)"
"(0.0, 0.0)" "(0.0, 0.0)" "(0.0, 0.0)" "(0.0, 0.0)"
"(0.0, 0.0)" "(0.0, 0.0)" "(0.0, 0.0)" "(0.0, 0.0)"
"(0.0, 0.0)" "(0.0, 0.0)" "(0.0, 0.0)" "(0.0, 0.0)"
"(0.0, 0.0)" "(0.0, 0.0)" "(0.0, 0.0)" "(0.0, 0.0)"
"(0.0, 0.0)" "(0.0, 0.0)" "(0.0, 0.0)" "(0.0, 0.0)"
"(0.0, 0.0)" "(0.0, 0.0)" "(0.0, 0.0)" "(0.0, 0.0)"
"(0.0, 0.0)" "(26.639712171052633, 4.104523026315789)" "(0.0, 0.0)" "(0.0, 0.0)"
"(0.0, 0.0)" "(0.0, 0.0)" "(0.0, 0.0)" "(0.0, 0.0)"
"(0.0, 0.0)" "(0.0, 0.0)" "(0.0, 0.0)" "(0.0, 0.0)"
"(3.1948437500000004, 3.9165296052631575)" "(0.0, 0.0)" "(0.0, 0.0)" "(0.0, 0.0)"
"(0.0, 0.0)" "(0.0, 0.0)" "(0.0, 0.0)" "(0.0, 0.0)"
"(0.0, 0.0)" "(26.447541118421054, 4.146299342105263)" "(0.0, 0.0)" "(0.0, 0.0)"
"(0.0, 0.0)" "(26.447541118421054, 4.1567434210526315)" "(0.0, 0.0)" "(0.0, 0.0)"
"(0.0, 0.0)" "(0.0, 0.0)" "(0.0, 0.0)" "(0.0, 0.0)"
"(0.0, 0.0)" "(0.0, 0.0)" "(0.0, 0.0)" "(0.0, 0.0)"
"(0.0, 0.0)" "(26.49558388157895, 4.1567434210526315)" "(0.0, 0.0)" "(0.0, 0.0)"
"(3.1948437500000004, 3.906085526315789)" "(26.327434210526317, 4.1254111842105265)" "(0.0, 0.0)" "(0.0, 0.0)"
"(3.1227796052631582, 3.8747532894736842)" "(26.183305921052632, 4.083634868421052)" "(0.0, 0.0)" "(0.0, 0.0)"
"(3.098758223684211, 3.906085526315789)" "(26.279391447368422, 4.083634868421052)" "(0.0, 0.0)" "(0.0, 0.0)"
"(3.0266940789473686, 3.8851973684210526)" "(26.279391447368422, 4.062746710526316)" "(0.0, 0.0)" "(0.0, 0.0)"
"(0.0, 0.0)" "(26.30341282894737, 4.062746710526316)" "(0.0, 0.0)" "(0.0, 0.0)"
"(0.0, 0.0)" "(26.39949835526316, 4.083634868421052)" "(0.0, 0.0)" "(0.0, 0.0)"
"(0.0, 0.0)" "(26.37547697368421, 4.073190789473684)" "(0.0, 0.0)" "(0.0, 0.0)"
"(0.0, 0.0)" "(26.447541118421054, 4.062746710526316)" "(0.0, 0.0)" "(0.0, 0.0)"
"(0.0, 0.0)" "(26.30341282894737, 4.073190789473684)" "(0.0, 0.0)" "(0.0, 0.0)"
"(0.0, 0.0)" "(26.37547697368421, 4.041858552631579)" "(0.0, 0.0)" "(0.0, 0.0)"
"(0.0, 0.0)" "(26.20732730263158, 4.083634868421052)" "(0.0, 0.0)" "(0.0, 0.0)"
"(0.0, 0.0)" "(26.231348684210527, 4.062746710526316)" "(0.0, 0.0)" "(0.0, 0.0)"
"(0.0, 0.0)" "(26.423519736842106, 4.073190789473684)" "(0.0, 0.0)" "(0.0, 0.0)"
"(3.0026726973684212, 3.738980263157895)" "(26.39949835526316, 4.083634868421052)" "(0.0, 0.0)" "(0.0, 0.0)"
"(0.0, 0.0)" "(26.4715625, 4.073190789473684)" "(0.0, 0.0)" "(0.0, 0.0)"
"(0.0, 0.0)" "(26.49558388157895, 4.083634868421052)" "(0.0, 0.0)" "(0.0, 0.0)"
"(0.0, 0.0)" "(26.39949835526316, 4.094078947368421)" "(0.0, 0.0)" "(0.0, 0.0)"
"(3.2428865131578952, 3.906085526315789)" "(26.4715625, 4.083634868421052)" "(0.0, 0.0)" "(0.0, 0.0)"
"(3.1948437500000004, 3.9374177631578946)" "(26.351455592105264, 4.094078947368421)" "(0.0, 0.0)" "(0.0, 0.0)"
"(0.0, 0.0)" "(26.519605263157896, 4.114967105263157)" "(0.0, 0.0)" "(0.0, 0.0)"
"(3.314950657894737, 3.947861842105263)" "(26.351455592105264, 4.135855263157895)" "(0.0, 0.0)" "(0.0, 0.0)"
"(3.3389720394736844, 3.947861842105263)" "(26.255370065789474, 4.1254111842105265)" "(0.0, 0.0)" "(0.0, 0.0)"
"(3.387014802631579, 3.9269736842105263)" "(26.351455592105264, 4.114967105263157)" "(0.0, 0.0)" "(0.0, 0.0)"
"(0.0, 0.0)" "(26.20732730263158, 4.104523026315789)" "(0.0, 0.0)" "(0.0, 0.0)"
"(3.507121710526316, 3.9165296052631575)" "(26.255370065789474, 4.104523026315789)" "(0.0, 0.0)" "(0.0, 0.0)"
"(0.0, 0.0)" "(26.279391447368422, 4.094078947368421)" "(0.0, 0.0)" "(0.0, 0.0)"
"(0.0, 0.0)" "(26.255370065789474, 4.094078947368421)" "(0.0, 0.0)" "(0.0, 0.0)"
"(0.0, 0.0)" "(26.231348684210527, 4.094078947368421)" "(0.0, 0.0)" "(0.0, 0.0)"
"(4.131677631578948, 3.9165296052631575)" "(26.159284539473685, 4.083634868421052)" "(0.0, 0.0)" "(0.0, 0.0)"
"(0.0, 0.0)" "(26.20732730263158, 4.083634868421052)" "(14.89325657894737, 9.05501644736842)" "(0.0, 0.0)"
"(0.0, 0.0)" "(26.231348684210527, 4.083634868421052)" "(14.869235197368422, 9.086348684210526)" "(0.0, 0.0)"
"(4.708190789473685, 3.96875)" "(26.183305921052632, 4.073190789473684)" "(0.0, 0.0)" "(0.0, 0.0)"
"(0.0, 0.0)" "(26.20732730263158, 4.094078947368421)" "(0.0, 0.0)" "(0.0, 0.0)"
"(0.0, 0.0)" "(26.255370065789474, 4.073190789473684)" "(0.0, 0.0)" "(0.0, 0.0)"
"(0.0, 0.0)" "(26.183305921052632, 4.073190789473684)" "(0.0, 0.0)" "(0.0, 0.0)"
"(5.813174342105263, 3.906085526315789)" "(26.20732730263158, 4.083634868421052)" "(0.0, 0.0)" "(0.0, 0.0)"
"(0.0, 0.0)" "(0.0, 0.0)" "(0.0, 0.0)" "(0.0, 0.0)"
"(0.0, 0.0)" "(26.13526315789474, 4.104523026315789)" "(0.0, 0.0)" "(0.0, 0.0)"
"(0.0, 0.0)" "(26.111241776315794, 4.083634868421052)" "(0.0, 0.0)" "(0.0, 0.0)"
"(7.662820723684211, 3.9583059210526312)" "(0.0, 0.0)" "(0.0, 0.0)" "(0.0, 0.0)"
"(7.999120065789475, 3.96875)" "(26.231348684210527, 4.083634868421052)" "(0.0, 0.0)" "(0.0, 0.0)"
"(0.0, 0.0)" "(26.13526315789474, 4.083634868421052)" "(0.0, 0.0)" "(0.0, 0.0)"
"(0.0, 0.0)" "(26.231348684210527, 4.094078947368421)" "(0.0, 0.0)" "(0.0, 0.0)"
"(0.0, 0.0)" "(26.087220394736846, 4.114967105263157)" "(0.0, 0.0)" "(0.0, 0.0)"
"(0.0, 0.0)" "(26.111241776315794, 4.104523026315789)" "(0.0, 0.0)" "(0.0, 0.0)"
"(0.0, 0.0)" "(0.0, 0.0)" "(0.0, 0.0)" "(0.0, 0.0)"
"(0.0, 0.0)" "(25.943092105263162, 4.083634868421052)" "(0.0, 0.0)" "(0.0, 0.0)"
"(0.0, 0.0)" "(26.087220394736846, 4.094078947368421)" "(0.0, 0.0)" "(0.0, 0.0)"
"(0.0, 0.0)" "(25.991134868421057, 4.094078947368421)" "(0.0, 0.0)" "(0.0, 0.0)"
"(0.0, 0.0)" "(26.015156250000004, 4.104523026315789)" "(0.0, 0.0)" "(0.0, 0.0)"
"(0.0, 0.0)" "(26.087220394736846, 4.094078947368421)" "(0.0, 0.0)" "(0.0, 0.0)"
"(0.0, 0.0)" "(26.087220394736846, 4.104523026315789)" "(0.0, 0.0)" "(0.0, 0.0)"
"(0.0, 0.0)" "(26.087220394736846, 4.094078947368421)" "(0.0, 0.0)" "(0.0, 0.0)"
"(0.0, 0.0)" "(26.111241776315794, 4.083634868421052)" "(0.0, 0.0)" "(0.0, 0.0)"
"(0.0, 0.0)" "(26.20732730263158, 4.073190789473684)" "(0.0, 0.0)" "(0.0, 0.0)"
"(0.0, 0.0)" "(26.20732730263158, 4.094078947368421)" "(0.0, 0.0)" "(0.0, 0.0)"
"(0.0, 0.0)" "(26.255370065789474, 4.094078947368421)" "(0.0, 0.0)" "(0.0, 0.0)"
"(0.0, 0.0)" "(26.279391447368422, 4.073190789473684)" "(0.0, 0.0)" "(0.0, 0.0)"
"(0.0, 0.0)" "(26.255370065789474, 4.094078947368421)" "(0.0, 0.0)" "(0.0, 0.0)"
"(0.0, 0.0)" "(26.30341282894737, 4.094078947368421)" "(0.0, 0.0)" "(0.0, 0.0)"
"(0.0, 0.0)" "(26.279391447368422, 4.062746710526316)" "(0.0, 0.0)" "(0.0, 0.0)"
"(0.0, 0.0)" "(26.37547697368421, 4.052302631578947)" "(0.0, 0.0)" "(0.0, 0.0)"
"(0.0, 0.0)" "(26.327434210526317, 4.062746710526316)" "(0.0, 0.0)" "(0.0, 0.0)"
"(0.0, 0.0)" "(26.351455592105264, 4.083634868421052)" "(0.0, 0.0)" "(0.0, 0.0)"
"(0.0, 0.0)" "(26.279391447368422, 4.062746710526316)" "(0.0, 0.0)" "(0.0, 0.0)"
"(0.0, 0.0)" "(26.37547697368421, 4.062746710526316)" "(0.0, 0.0)" "(0.0, 0.0)"
"(0.0, 0.0)" "(26.30341282894737, 4.052302631578947)" "(0.0, 0.0)" "(0.0, 0.0)"
"(0.0, 0.0)" "(26.279391447368422, 4.03141447368421)" "(0.0, 0.0)" "(0.0, 0.0)"
"(0.0, 0.0)" "(26.351455592105264, 4.03141447368421)" "(0.0, 0.0)" "(0.0, 0.0)"
"(0.0, 0.0)" "(26.327434210526317, 4.020970394736842)" "(0.0, 0.0)" "(0.0, 0.0)"
"(0.0, 0.0)" "(26.351455592105264, 4.020970394736842)" "(0.0, 0.0)" "(0.0, 0.0)"
"(0.0, 0.0)" "(26.49558388157895, 4.010526315789473)" "(0.0, 0.0)" "(0.0, 0.0)"
"(0.0, 0.0)" "(26.591669407894738, 3.96875)" "(0.0, 0.0)" "(0.0, 0.0)"
"(0.0, 0.0)" "(26.711776315789475, 3.9791940789473683)" "(0.0, 0.0)" "(0.0, 0.0)"
"(0.0, 0.0)" "(26.56764802631579, 3.96875)" "(0.0, 0.0)" "(0.0, 0.0)"
"(0.0, 0.0)" "(26.56764802631579, 3.9791940789473683)" "(0.0, 0.0)" "(0.0, 0.0)"
"(0.0, 0.0)" "(26.56764802631579, 3.96875)" "(0.0, 0.0)" "(0.0, 0.0)"
"(0.0, 0.0)" "(26.66373355263158, 3.9791940789473683)" "(0.0, 0.0)" "(0.0, 0.0)"
"(0.0, 0.0)" "(26.639712171052633, 3.947861842105263)" "(0.0, 0.0)" "(0.0, 0.0)"
"(0.0, 0.0)" "(26.711776315789475, 3.9791940789473683)" "(0.0, 0.0)" "(0.0, 0.0)"
"(0.0, 0.0)" "(26.879925986842107, 3.9374177631578946)" "(0.0, 0.0)" "(0.0, 0.0)"
"(0.0, 0.0)" "(26.95199013157895, 3.9374177631578946)" "(0.0, 0.0)" "(0.0, 0.0)"
"(0.0, 0.0)" "(26.903947368421054, 3.947861842105263)" "(0.0, 0.0)" "(0.0, 0.0)"
"(0.0, 0.0)" "(27.000032894736844, 3.9269736842105263)" "(0.0, 0.0)" "(0.0, 0.0)"
"(0.0, 0.0)" "(27.000032894736844, 3.9269736842105263)" "(0.0, 0.0)" "(0.0, 0.0)"
"(0.0, 0.0)" "(26.95199013157895, 3.947861842105263)" "(0.0, 0.0)" "(0.0, 0.0)"
"(0.0, 0.0)" "(26.976011513157896, 3.9374177631578946)" "(0.0, 0.0)" "(0.0, 0.0)"
"(0.0, 0.0)" "(27.04807565789474, 3.9165296052631575)" "(0.0, 0.0)" "(0.0, 0.0)"
"(0.0, 0.0)" "(27.072097039473686, 3.9374177631578946)" "(0.0, 0.0)" "(0.0, 0.0)"
"(0.0, 0.0)" "(0.0, 0.0)" "(0.0, 0.0)" "(0.0, 0.0)"
"(13.596101973684211, 3.7598684210526314)" "(0.0, 0.0)" "(0.0, 0.0)" "(0.0, 0.0)"
"(0.0, 0.0)" "(0.0, 0.0)" "(0.0, 0.0)" "(0.0, 0.0)"
"(13.716208881578948, 3.7598684210526314)" "(0.0, 0.0)" "(0.0, 0.0)" "(0.0, 0.0)"
"(13.596101973684211, 3.7598684210526314)" "(0.0, 0.0)" "(0.0, 0.0)" "(0.0, 0.0)"
"(13.692187500000001, 3.7598684210526314)" "(27.21622532894737, 3.9374177631578946)" "(0.0, 0.0)" "(0.0, 0.0)"
"(13.596101973684211, 3.7703124999999997)" "(27.21622532894737, 3.9374177631578946)" "(0.0, 0.0)" "(0.0, 0.0)"
"(0.0, 0.0)" "(27.144161184210528, 3.9583059210526312)" "(0.0, 0.0)" "(0.0, 0.0)"
"(13.932401315789475, 3.7598684210526314)" "(26.903947368421054, 3.96875)" "(0.0, 0.0)" "(0.0, 0.0)"
"(0.0, 0.0)" "(27.168182565789476, 3.9896381578947366)" "(0.0, 0.0)" "(0.0, 0.0)"
"(13.78827302631579, 3.738980263157895)" "(27.456439144736844, 4.03141447368421)" "(0.0, 0.0)" "(0.0, 0.0)"
"(13.644144736842106, 3.728536184210526)" "(27.456439144736844, 4.041858552631579)" "(0.0, 0.0)" "(0.0, 0.0)"
"(0.0, 0.0)" "(27.48046052631579, 4.020970394736842)" "(0.0, 0.0)" "(0.0, 0.0)"
"(0.0, 0.0)" "(27.456439144736844, 4.020970394736842)" "(0.0, 0.0)" "(0.0, 0.0)"
"(0.0, 0.0)" "(27.50448190789474, 4.03141447368421)" "(0.0, 0.0)" "(0.0, 0.0)"
"(0.0, 0.0)" "(27.144161184210528, 4.052302631578947)" "(0.0, 0.0)" "(0.0, 0.0)"
"(0.0, 0.0)" "(26.95199013157895, 4.041858552631579)" "(0.0, 0.0)" "(0.0, 0.0)"
"(0.0, 0.0)" "(26.879925986842107, 4.010526315789473)" "(0.0, 0.0)" "(0.0, 0.0)"
"(0.0, 0.0)" "(26.831883223684212, 4.052302631578947)" "(0.0, 0.0)" "(0.0, 0.0)"
"(0.0, 0.0)" "(0.0, 0.0)" "(0.0, 0.0)" "(0.0, 0.0)"
"(0.0, 0.0)" "(0.0, 0.0)" "(0.0, 0.0)" "(0.0, 0.0)"
"(13.548059210526317, 3.780756578947368)" "(0.0, 0.0)" "(0.0, 0.0)" "(0.0, 0.0)"
"(13.716208881578948, 3.791200657894737)" "(0.0, 0.0)" "(0.0, 0.0)" "(0.0, 0.0)"
"(0.0, 0.0)" "(0.0, 0.0)" "(0.0, 0.0)" "(0.0, 0.0)"
"(13.668166118421054, 3.791200657894737)" "(0.0, 0.0)" "(0.0, 0.0)" "(0.0, 0.0)"
"(13.908379934210528, 3.791200657894737)" "(0.0, 0.0)" "(0.0, 0.0)" "(0.0, 0.0)"
"(0.0, 0.0)" "(0.0, 0.0)" "(0.0, 0.0)" "(0.0, 0.0)"
"(0.0, 0.0)" "(0.0, 0.0)" "(0.0, 0.0)" "(0.0, 0.0)"
"(0.0, 0.0)" "(0.0, 0.0)" "(0.0, 0.0)" "(0.0, 0.0)"
"(0.0, 0.0)" "(0.0, 0.0)" "(0.0, 0.0)" "(0.0, 0.0)"
"(0.0, 0.0)" "(0.0, 0.0)" "(0.0, 0.0)" "(0.0, 0.0)"
"(0.0, 0.0)" "(0.0, 0.0)" "(0.0, 0.0)" "(0.0, 0.0)"
"(0.0, 0.0)" "(0.0, 0.0)" "(0.0, 0.0)" "(0.0, 0.0)"
"(0.0, 0.0)" "(0.0, 0.0)" "(0.0, 0.0)" "(0.0, 0.0)"
"(0.0, 0.0)" "(25.22245065789474, 4.104523026315789)" "(0.0, 0.0)" "(0.0, 0.0)"
"(0.0, 0.0)" "(0.0, 0.0)" "(0.0, 0.0)" "(0.0, 0.0)"
"(0.0, 0.0)" "(0.0, 0.0)" "(0.0, 0.0)" "(0.0, 0.0)"
"(0.0, 0.0)" "(0.0, 0.0)" "(0.0, 0.0)" "(0.0, 0.0)"
"(0.0, 0.0)" "(0.0, 0.0)" "(0.0, 0.0)" "(0.0, 0.0)"
"(0.0, 0.0)" "(0.0, 0.0)" "(0.0, 0.0)" "(0.0, 0.0)"
"(0.0, 0.0)" "(0.0, 0.0)" "(0.0, 0.0)" "(0.0, 0.0)"
"(0.0, 0.0)" "(0.0, 0.0)" "(0.0, 0.0)" "(0.0, 0.0)"
"(11.458199013157897, 3.780756578947368)" "(0.0, 0.0)" "(0.0, 0.0)" "(0.0, 0.0)"
"(0.0, 0.0)" "(0.0, 0.0)" "(0.0, 0.0)" "(0.0, 0.0)"
"(0.0, 0.0)" "(0.0, 0.0)" "(0.0, 0.0)" "(0.0, 0.0)"
"(10.473322368421053, 3.791200657894737)" "(0.0, 0.0)" "(0.0, 0.0)" "(0.0, 0.0)"
"(0.0, 0.0)" "(22.988462171052635, 4.020970394736842)" "(0.0, 0.0)" "(0.0, 0.0)"
"(0.0, 0.0)" "(22.988462171052635, 4.010526315789473)" "(0.0, 0.0)" "(0.0, 0.0)"
"(0.0, 0.0)" "(22.94041940789474, 4.03141447368421)" "(0.0, 0.0)" "(0.0, 0.0)"
"(0.0, 0.0)" "(22.916398026315793, 4.03141447368421)" "(0.0, 0.0)" "(0.0, 0.0)"
"(0.0, 0.0)" "(22.964440789473688, 4.03141447368421)" "(0.0, 0.0)" "(0.0, 0.0)"
"(8.695740131578948, 3.9374177631578946)" "(23.060526315789474, 4.020970394736842)" "(0.0, 0.0)" "(0.0, 0.0)"
"(0.0, 0.0)" "(23.012483552631583, 4.020970394736842)" "(0.0, 0.0)" "(0.0, 0.0)"
"(0.0, 0.0)" "(23.060526315789474, 4.03141447368421)" "(0.0, 0.0)" "(0.0, 0.0)"
"(0.0, 0.0)" "(22.964440789473688, 4.020970394736842)" "(0.0, 0.0)" "(0.0, 0.0)"
"(0.0, 0.0)" "(23.08454769736842, 4.03141447368421)" "(0.0, 0.0)" "(0.0, 0.0)"
"(0.0, 0.0)" "(0.0, 0.0)" "(0.0, 0.0)" "(0.0, 0.0)"
"(0.0, 0.0)" "(0.0, 0.0)" "(0.0, 0.0)" "(0.0, 0.0)"
"(0.0, 0.0)" "(22.77226973684211, 4.041858552631579)" "(0.0, 0.0)" "(0.0, 0.0)"
"(0.0, 0.0)" "(22.58009868421053, 4.052302631578947)" "(0.0, 0.0)" "(0.0, 0.0)"
"(0.0, 0.0)" "(22.12369243421053, 4.073190789473684)" "(0.0, 0.0)" "(0.0, 0.0)"
"(0.0, 0.0)" "(0.0, 0.0)" "(0.0, 0.0)" "(0.0, 0.0)"
"(0.0, 0.0)" "(21.258922697368423, 4.041858552631579)" "(0.0, 0.0)" "(0.0, 0.0)"
"(0.0, 0.0)" "(21.01870888157895, 4.020970394736842)" "(0.0, 0.0)" "(0.0, 0.0)"
"(0.0, 0.0)" "(20.92262335526316, 4.010526315789473)" "(0.0, 0.0)" "(0.0, 0.0)"
"(4.804276315789474, 3.7598684210526314)" "(20.802516447368422, 4.03141447368421)" "(0.0, 0.0)" "(0.0, 0.0)"
"(0.0, 0.0)" "(20.82653782894737, 4.052302631578947)" "(0.0, 0.0)" "(0.0, 0.0)"
"(0.0, 0.0)" "(0.0, 0.0)" "(0.0, 0.0)" "(0.0, 0.0)"
"(0.0, 0.0)" "(0.0, 0.0)" "(0.0, 0.0)" "(0.0, 0.0)"
"(0.0, 0.0)" "(0.0, 0.0)" "(0.0, 0.0)" "(0.0, 0.0)"
"(0.0, 0.0)" "(0.0, 0.0)" "(0.0, 0.0)" "(0.0, 0.0)"
"(0.0, 0.0)" "(0.0, 0.0)" "(6.0053453947368425, 9.013240131578947)" "(0.0, 0.0)"
"(0.0, 0.0)" "(0.0, 0.0)" "(0.0, 0.0)" "(0.0, 0.0)"
"(0.0, 0.0)" "(0.0, 0.0)" "(6.0053453947368425, 9.013240131578947)" "(0.0, 0.0)"
"(0.0, 0.0)" "(19.673511513157898, 3.9269736842105263)" "(0.0, 0.0)" "(0.0, 0.0)"
"(0.0, 0.0)" "(19.57742598684211, 3.895641447368421)" "(0.0, 0.0)" "(0.0, 0.0)"
"(0.0, 0.0)" "(19.505361842105266, 3.8851973684210526)" "(5.909259868421053, 8.940131578947367)" "(0.0, 0.0)"
"(0.0, 0.0)" "(19.57742598684211, 3.853865131578947)" "(5.957302631578948, 8.9296875)" "(0.0, 0.0)"
"(0.0, 0.0)" "(19.38525493421053, 3.8225328947368418)" "(5.93328125, 8.961019736842104)" "(0.0, 0.0)"
"(0.0, 0.0)" "(19.36123355263158, 3.8225328947368418)" "(5.909259868421053, 8.940131578947367)" "(0.0, 0.0)"
"(0.0, 0.0)" "(19.241126644736845, 3.8120888157894735)" "(0.0, 0.0)" "(0.0, 0.0)"
"(0.0, 0.0)" "(19.217105263157897, 3.7703124999999997)" "(5.8852384868421055, 8.950575657894737)" "(0.0, 0.0)"
"(0.0, 0.0)" "(19.265148026315792, 3.780756578947368)" "(5.981324013157895, 8.961019736842104)" "(0.0, 0.0)"
"(0.0, 0.0)" "(19.169062500000003, 3.7598684210526314)" "(6.02936677631579, 8.950575657894737)" "(0.0, 0.0)"
"(0.0, 0.0)" "(19.145041118421055, 3.7598684210526314)" "(6.101430921052632, 8.961019736842104)" "(0.0, 0.0)"
"(0.0, 0.0)" "(19.072976973684213, 3.738980263157895)" "(5.93328125, 8.940131578947367)" "(0.0, 0.0)"
"(0.0, 0.0)" "(19.024934210526318, 3.738980263157895)" "(6.0053453947368425, 8.940131578947367)" "(0.0, 0.0)"
"(0.0, 0.0)" "(19.072976973684213, 3.738980263157895)" "(5.981324013157895, 8.9296875)" "(0.0, 0.0)"
"(0.0, 0.0)" "(19.048955592105266, 3.7598684210526314)" "(5.909259868421053, 8.9296875)" "(0.0, 0.0)"
"(0.0, 0.0)" "(19.09699835526316, 3.791200657894737)" "(6.0053453947368425, 8.940131578947367)" "(0.0, 0.0)"
"(0.0, 0.0)" "(19.072976973684213, 3.791200657894737)" "(5.909259868421053, 8.940131578947367)" "(0.0, 0.0)"
"(0.0, 0.0)" "(19.00091282894737, 3.7598684210526314)" "(5.909259868421053, 8.940131578947367)" "(0.0, 0.0)"
"(0.0, 0.0)" "(19.048955592105266, 3.738980263157895)" "(0.0, 0.0)" "(0.0, 0.0)"
"(0.0, 0.0)" "(19.024934210526318, 3.749424342105263)" "(5.93328125, 8.940131578947367)" "(0.0, 0.0)"
"(0.0, 0.0)" "(19.024934210526318, 3.728536184210526)" "(5.93328125, 8.950575657894737)" "(0.0, 0.0)"
"(0.0, 0.0)" "(19.121019736842108, 3.728536184210526)" "(5.837195723684211, 8.950575657894737)" "(0.0, 0.0)"
"(0.0, 0.0)" "(19.072976973684213, 3.738980263157895)" "(5.8852384868421055, 8.950575657894737)" "(0.0, 0.0)"
"(0.0, 0.0)" "(19.145041118421055, 3.728536184210526)" "(0.0, 0.0)" "(0.0, 0.0)"
"(0.0, 0.0)" "(19.09699835526316, 3.749424342105263)" "(0.0, 0.0)" "(0.0, 0.0)"
"(0.0, 0.0)" "(19.217105263157897, 3.749424342105263)" "(5.8852384868421055, 8.9296875)" "(0.0, 0.0)"
"(0.0, 0.0)" "(19.337212171052634, 3.7598684210526314)" "(0.0, 0.0)" "(0.0, 0.0)"
"(0.0, 0.0)" "(0.0, 0.0)" "(0.0, 0.0)" "(0.0, 0.0)"
"(0.0, 0.0)" "(19.673511513157898, 3.8329769736842105)" "(0.0, 0.0)" "(0.0, 0.0)"
"(0.0, 0.0)" "(19.721554276315793, 3.8643092105263155)" "(0.0, 0.0)" "(0.0, 0.0)"
"(0.0, 0.0)" "(19.793618421052635, 3.8643092105263155)" "(0.0, 0.0)" "(0.0, 0.0)"
"(0.0, 0.0)" "(19.793618421052635, 3.895641447368421)" "(0.0, 0.0)" "(0.0, 0.0)"
"(0.0, 0.0)" "(19.793618421052635, 3.8851973684210526)" "(0.0, 0.0)" "(0.0, 0.0)"
"(0.0, 0.0)" "(19.817639802631582, 3.8851973684210526)" "(0.0, 0.0)" "(0.0, 0.0)"
"(0.0, 0.0)" "(19.793618421052635, 3.906085526315789)" "(0.0, 0.0)" "(0.0, 0.0)"
"(0.0, 0.0)" "(19.817639802631582, 3.906085526315789)" "(0.0, 0.0)" "(0.0, 0.0)"
"(0.0, 0.0)" "(19.769597039473688, 3.9165296052631575)" "(0.0, 0.0)" "(0.0, 0.0)"
"(4.251784539473684, 3.7598684210526314)" "(19.74557565789474, 3.9165296052631575)" "(0.0, 0.0)" "(0.0, 0.0)"
"(0.0, 0.0)" "(19.793618421052635, 3.9165296052631575)" "(0.0, 0.0)" "(0.0, 0.0)"
"(0.0, 0.0)" "(19.817639802631582, 3.9165296052631575)" "(5.741110197368422, 8.908799342105263)" "(0.0, 0.0)"
"(0.0, 0.0)" "(19.865682565789477, 3.906085526315789)" "(5.645024671052632, 8.91924342105263)" "(0.0, 0.0)"
"(4.419934210526316, 3.7598684210526314)" "(19.961768092105267, 3.9165296052631575)" "(5.717088815789475, 8.9296875)" "(0.0, 0.0)"
"(4.443955592105263, 3.7598684210526314)" "(19.793618421052635, 3.9165296052631575)" "(5.66904605263158, 8.877467105263158)" "(0.0, 0.0)"
"(0.0, 0.0)" "(19.769597039473688, 3.9269736842105263)" "(5.693067434210527, 8.867023026315788)" "(0.0, 0.0)"
"(0.0, 0.0)" "(19.793618421052635, 3.9269736842105263)" "(5.717088815789475, 8.9296875)" "(0.0, 0.0)"
"(0.0, 0.0)" "(19.865682565789477, 3.9269736842105263)" "(0.0, 0.0)" "(0.0, 0.0)"
"(0.0, 0.0)" "(19.865682565789477, 3.9165296052631575)" "(0.0, 0.0)" "(0.0, 0.0)"
"(0.0, 0.0)" "(19.84166118421053, 3.9374177631578946)" "(0.0, 0.0)" "(0.0, 0.0)"
"(4.347870065789474, 3.7598684210526314)" "(19.865682565789477, 3.9269736842105263)" "(0.0, 0.0)" "(0.0, 0.0)"
"(4.323848684210526, 3.7598684210526314)" "(19.865682565789477, 3.9269736842105263)" "(0.0, 0.0)" "(0.0, 0.0)"
"(4.275805921052632, 3.749424342105263)" "(19.817639802631582, 3.9165296052631575)" "(0.0, 0.0)" "(0.0, 0.0)"
"(4.227763157894737, 3.749424342105263)" "(19.721554276315793, 3.9269736842105263)" "(0.0, 0.0)" "(0.0, 0.0)"
"(4.179720394736843, 3.749424342105263)" "(19.74557565789474, 3.9374177631578946)" "(0.0, 0.0)" "(0.0, 0.0)"
"(4.227763157894737, 3.749424342105263)" "(0.0, 0.0)" "(0.0, 0.0)" "(0.0, 0.0)"
"(4.347870065789474, 3.749424342105263)" "(19.673511513157898, 3.947861842105263)" "(0.0, 0.0)" "(0.0, 0.0)"
"(0.0, 0.0)" "(0.0, 0.0)" "(0.0, 0.0)" "(0.0, 0.0)"
"(0.0, 0.0)" "(19.74557565789474, 3.96875)" "(0.0, 0.0)" "(0.0, 0.0)"
"(0.0, 0.0)" "(0.0, 0.0)" "(0.0, 0.0)" "(0.0, 0.0)"
"(0.0, 0.0)" "(19.721554276315793, 3.9374177631578946)" "(0.0, 0.0)" "(0.0, 0.0)"
"(0.0, 0.0)" "(19.769597039473688, 3.9269736842105263)" "(0.0, 0.0)" "(0.0, 0.0)"
"(0.0, 0.0)" "(19.793618421052635, 3.9269736842105263)" "(0.0, 0.0)" "(0.0, 0.0)"
"(0.0, 0.0)" "(19.793618421052635, 3.9165296052631575)" "(0.0, 0.0)" "(0.0, 0.0)"
"(4.395912828947369, 3.738980263157895)" "(19.961768092105267, 3.9374177631578946)" "(0.0, 0.0)" "(0.0, 0.0)"
"(4.323848684210526, 3.738980263157895)" "(20.129917763157895, 3.895641447368421)" "(0.0, 0.0)" "(0.0, 0.0)"
"(4.275805921052632, 3.728536184210526)" "(20.105896381578948, 3.8851973684210526)" "(0.0, 0.0)" "(0.0, 0.0)"
"(4.299827302631579, 3.738980263157895)" "(20.105896381578948, 3.8747532894736842)" "(0.0, 0.0)" "(0.0, 0.0)"
"(4.371891447368421, 3.738980263157895)" "(19.961768092105267, 3.8851973684210526)" "(0.0, 0.0)" "(0.0, 0.0)"
"(4.299827302631579, 3.738980263157895)" "(20.201981907894737, 3.749424342105263)" "(0.0, 0.0)" "(0.0, 0.0)"
"(4.227763157894737, 3.749424342105263)" "(20.250024671052632, 3.7076480263157894)" "(0.0, 0.0)" "(0.0, 0.0)"
"(4.275805921052632, 3.749424342105263)" "(20.298067434210527, 3.7076480263157894)" "(0.0, 0.0)" "(0.0, 0.0)"
"(4.251784539473684, 3.749424342105263)" "(20.298067434210527, 3.6867598684210523)" "(0.0, 0.0)" "(0.0, 0.0)"
"(4.251784539473684, 3.749424342105263)" "(20.418174342105264, 3.6658717105263157)" "(5.02046875, 8.783470394736842)" "(0.0, 0.0)"
"(0.0, 0.0)" "(20.418174342105264, 3.6867598684210523)" "(5.02046875, 8.825246710526315)" "(0.0, 0.0)"
"(4.227763157894737, 3.749424342105263)" "(20.53828125, 3.6449835526315786)" "(0.0, 0.0)" "(0.0, 0.0)"
"(0.0, 0.0)" "(20.610345394736843, 3.624095394736842)" "(5.140575657894737, 8.91924342105263)" "(0.0, 0.0)"
"(0.0, 0.0)" "(20.682409539473685, 3.6032072368421053)" "(5.164597039473684, 8.99235197368421)" "(0.0, 0.0)"
"(4.323848684210526, 3.738980263157895)" "(20.706430921052632, 3.624095394736842)" "(0.0, 0.0)" "(0.0, 0.0)"
"(4.20374177631579, 3.749424342105263)" "(20.73045230263158, 3.6136513157894736)" "(0.0, 0.0)" "(0.0, 0.0)"
"(4.227763157894737, 3.7598684210526314)" "(20.850559210526317, 3.6345394736842103)" "(0.0, 0.0)" "(0.0, 0.0)"
"(4.131677631578948, 3.7598684210526314)" "(20.658388157894738, 3.6554276315789473)" "(0.0, 0.0)" "(0.0, 0.0)"
"(4.107656250000001, 3.749424342105263)" "(20.586324013157896, 3.6554276315789473)" "(0.0, 0.0)" "(0.0, 0.0)"
"(4.059613486842106, 3.749424342105263)" "(20.562302631578948, 3.6554276315789473)" "(0.0, 0.0)" "(0.0, 0.0)"
"(4.083634868421053, 3.749424342105263)" "(20.586324013157896, 3.6449835526315786)" "(0.0, 0.0)" "(0.0, 0.0)"
"(4.083634868421053, 3.738980263157895)" "(20.562302631578948, 3.6032072368421053)" "(0.0, 0.0)" "(0.0, 0.0)"
"(4.0355921052631585, 3.738980263157895)" "(20.562302631578948, 3.6032072368421053)" "(0.0, 0.0)" "(0.0, 0.0)"
"(4.227763157894737, 3.738980263157895)" "(20.562302631578948, 3.5823190789473682)" "(0.0, 0.0)" "(0.0, 0.0)"
"(0.0, 0.0)" "(20.514259868421053, 3.5823190789473682)" "(0.0, 0.0)" "(0.0, 0.0)"
"(0.0, 0.0)" "(20.53828125, 3.571875)" "(0.0, 0.0)" "(0.0, 0.0)"
"(0.0, 0.0)" "(20.610345394736843, 3.571875)" "(0.0, 0.0)" "(0.0, 0.0)"
"(0.0, 0.0)" "(20.63436677631579, 3.5405427631578945)" "(0.0, 0.0)" "(0.0, 0.0)"
"(0.0, 0.0)" "(20.658388157894738, 3.530098684210526)" "(0.0, 0.0)" "(0.0, 0.0)"
"(4.1556990131578955, 3.7598684210526314)" "(20.610345394736843, 3.519654605263158)" "(0.0, 0.0)" "(0.0, 0.0)"
"(4.107656250000001, 3.7598684210526314)" "(20.658388157894738, 3.498766447368421)" "(0.0, 0.0)" "(0.0, 0.0)"
"(4.20374177631579, 3.749424342105263)" "(20.63436677631579, 3.519654605263158)" "(0.0, 0.0)" "(0.0, 0.0)"
"(4.0355921052631585, 3.738980263157895)" "(20.682409539473685, 3.550986842105263)" "(0.0, 0.0)" "(0.0, 0.0)"
"(4.083634868421053, 3.738980263157895)" "(20.63436677631579, 3.5823190789473682)" "(0.0, 0.0)" "(0.0, 0.0)"
"(3.9875493421052637, 3.749424342105263)" "(20.586324013157896, 3.624095394736842)" "(0.0, 0.0)" "(0.0, 0.0)"
"(4.083634868421053, 3.749424342105263)" "(20.562302631578948, 3.6136513157894736)" "(0.0, 0.0)" "(0.0, 0.0)"
"(0.0, 0.0)" "(20.586324013157896, 3.6658717105263157)" "(0.0, 0.0)" "(0.0, 0.0)"
"(0.0, 0.0)" "(20.37013157894737, 3.6867598684210523)" "(0.0, 0.0)" "(0.0, 0.0)"
"(0.0, 0.0)" "(20.226003289473685, 3.7180921052631577)" "(0.0, 0.0)" "(0.0, 0.0)"
"(0.0, 0.0)" "(20.17796052631579, 3.749424342105263)" "(0.0, 0.0)" "(0.0, 0.0)"
"(0.0, 0.0)" "(19.889703947368425, 3.791200657894737)" "(0.0, 0.0)" "(0.0, 0.0)"
"(4.107656250000001, 3.749424342105263)" "(19.84166118421053, 3.8120888157894735)" "(0.0, 0.0)" "(0.0, 0.0)"
"(4.0355921052631585, 3.728536184210526)" "(19.769597039473688, 3.8329769736842105)" "(0.0, 0.0)" "(0.0, 0.0)"
"(4.011570723684211, 3.738980263157895)" "(19.64949013157895, 3.8643092105263155)" "(0.0, 0.0)" "(0.0, 0.0)"
"(4.107656250000001, 3.7598684210526314)" "(19.601447368421056, 3.895641447368421)" "(0.0, 0.0)" "(0.0, 0.0)"
"(4.083634868421053, 3.7598684210526314)" "(19.529383223684214, 3.8851973684210526)" "(0.0, 0.0)" "(0.0, 0.0)"
"(4.20374177631579, 3.749424342105263)" "(19.48134046052632, 3.906085526315789)" "(0.0, 0.0)" "(0.0, 0.0)"
"(4.1556990131578955, 3.7703124999999997)" "(19.505361842105266, 3.9583059210526312)" "(0.0, 0.0)" "(0.0, 0.0)"
"(4.107656250000001, 3.749424342105263)" "(19.64949013157895, 3.9791940789473683)" "(0.0, 0.0)" "(0.0, 0.0)"
"(4.179720394736843, 3.749424342105263)" "(0.0, 0.0)" "(0.0, 0.0)" "(0.0, 0.0)"
"(4.059613486842106, 3.749424342105263)" "(19.985789473684214, 4.000082236842105)" "(0.0, 0.0)" "(0.0, 0.0)"
"(0.0, 0.0)" "(20.322088815789474, 3.9791940789473683)" "(0.0, 0.0)" "(0.0, 0.0)"
"(0.0, 0.0)" "(0.0, 0.0)" "(0.0, 0.0)" "(0.0, 0.0)"
"(4.1556990131578955, 3.7703124999999997)" "(0.0, 0.0)" "(0.0, 0.0)" "(0.0, 0.0)"
"(0.0, 0.0)" "(20.970666118421054, 3.9791940789473683)" "(0.0, 0.0)" "(0.0, 0.0)"
"(0.0, 0.0)" "(0.0, 0.0)" "(0.0, 0.0)" "(0.0, 0.0)"
"(0.0, 0.0)" "(21.162837171052633, 4.03141447368421)" "(0.0, 0.0)" "(0.0, 0.0)"
"(0.0, 0.0)" "(21.11479440789474, 4.03141447368421)" "(0.0, 0.0)" "(0.0, 0.0)"
"(4.227763157894737, 3.7703124999999997)" "(21.042730263157896, 4.03141447368421)" "(0.0, 0.0)" "(0.0, 0.0)"
"(0.0, 0.0)" "(20.9946875, 4.041858552631579)" "(0.0, 0.0)" "(0.0, 0.0)"
"(4.083634868421053, 3.749424342105263)" "(21.042730263157896, 4.020970394736842)" "(0.0, 0.0)" "(0.0, 0.0)"
"(0.0, 0.0)" "(21.138815789473686, 4.020970394736842)" "(0.0, 0.0)" "(0.0, 0.0)"
"(4.131677631578948, 3.749424342105263)" "(21.066751644736843, 4.03141447368421)" "(0.0, 0.0)" "(0.0, 0.0)"
"(4.107656250000001, 3.7598684210526314)" "(20.970666118421054, 4.03141447368421)" "(0.0, 0.0)" "(0.0, 0.0)"
"(4.107656250000001, 3.7598684210526314)" "(21.01870888157895, 4.073190789473684)" "(0.0, 0.0)" "(0.0, 0.0)"
"(0.0, 0.0)" "(21.066751644736843, 4.052302631578947)" "(0.0, 0.0)" "(0.0, 0.0)"
"(0.0, 0.0)" "(21.066751644736843, 4.062746710526316)" "(0.0, 0.0)" "(0.0, 0.0)"
"(3.9635279605263163, 3.7598684210526314)" "(21.258922697368423, 4.041858552631579)" "(0.0, 0.0)" "(0.0, 0.0)"
"(3.9875493421052637, 3.7703124999999997)" "(21.403050986842107, 4.03141447368421)" "(0.0, 0.0)" "(0.0, 0.0)"
"(0.0, 0.0)" "(0.0, 0.0)" "(0.0, 0.0)" "(0.0, 0.0)"
"(3.9875493421052637, 3.7598684210526314)" "(0.0, 0.0)" "(0.0, 0.0)" "(0.0, 0.0)"
"(0.0, 0.0)" "(0.0, 0.0)" "(0.0, 0.0)" "(0.0, 0.0)"
"(0.0, 0.0)" "(0.0, 0.0)" "(0.0, 0.0)" "(0.0, 0.0)"
"(4.059613486842106, 3.7598684210526314)" "(0.0, 0.0)" "(0.0, 0.0)" "(0.0, 0.0)"
"(4.059613486842106, 3.7598684210526314)" "(0.0, 0.0)" "(0.0, 0.0)" "(0.0, 0.0)"
"(4.0355921052631585, 3.7598684210526314)" "(0.0, 0.0)" "(0.0, 0.0)" "(0.0, 0.0)"
"(4.059613486842106, 3.749424342105263)" "(22.12369243421053, 4.062746710526316)" "(0.0, 0.0)" "(0.0, 0.0)"
"(3.9875493421052637, 3.7703124999999997)" "(22.38792763157895, 4.041858552631579)" "(0.0, 0.0)" "(0.0, 0.0)"
"(4.011570723684211, 3.7703124999999997)" "(22.892376644736846, 4.052302631578947)" "(0.0, 0.0)" "(0.0, 0.0)"
"(4.059613486842106, 3.7703124999999997)" "(23.228675986842106, 4.010526315789473)" "(0.0, 0.0)" "(0.0, 0.0)"
"(4.0355921052631585, 3.7598684210526314)" "(0.0, 0.0)" "(0.0, 0.0)" "(0.0, 0.0)"
"(4.083634868421053, 3.7598684210526314)" "(0.0, 0.0)" "(0.0, 0.0)" "(0.0, 0.0)"
"(4.011570723684211, 3.7598684210526314)" "(0.0, 0.0)" "(0.0, 0.0)" "(0.0, 0.0)"
"(4.0355921052631585, 3.7598684210526314)" "(0.0, 0.0)" "(0.0, 0.0)" "(0.0, 0.0)"
"(4.059613486842106, 3.7598684210526314)" "(0.0, 0.0)" "(0.0, 0.0)" "(0.0, 0.0)"
"(4.0355921052631585, 3.738980263157895)" "(0.0, 0.0)" "(0.0, 0.0)" "(0.0, 0.0)"
"(3.9875493421052637, 3.7598684210526314)" "(0.0, 0.0)" "(0.0, 0.0)" "(0.0, 0.0)"
"(4.011570723684211, 3.738980263157895)" "(0.0, 0.0)" "(0.0, 0.0)" "(0.0, 0.0)"
"(4.0355921052631585, 3.728536184210526)" "(0.0, 0.0)" "(0.0, 0.0)" "(0.0, 0.0)"
"(4.131677631578948, 3.7598684210526314)" "(0.0, 0.0)" "(0.0, 0.0)" "(0.0, 0.0)"
"(4.083634868421053, 3.749424342105263)" "(0.0, 0.0)" "(0.0, 0.0)" "(0.0, 0.0)"
"(4.1556990131578955, 3.7598684210526314)" "(0.0, 0.0)" "(0.0, 0.0)" "(0.0, 0.0)"
"(4.107656250000001, 3.749424342105263)" "(0.0, 0.0)" "(0.0, 0.0)" "(0.0, 0.0)"
"(4.107656250000001, 3.749424342105263)" "(0.0, 0.0)" "(0.0, 0.0)" "(0.0, 0.0)"
"(4.0355921052631585, 3.749424342105263)" "(0.0, 0.0)" "(0.0, 0.0)" "(0.0, 0.0)"
"(4.0355921052631585, 3.749424342105263)" "(0.0, 0.0)" "(0.0, 0.0)" "(0.0, 0.0)"
"(4.0355921052631585, 3.738980263157895)" "(0.0, 0.0)" "(0.0, 0.0)" "(0.0, 0.0)"
"(4.011570723684211, 3.738980263157895)" "(27.76871710526316, 3.9791940789473683)" "(0.0, 0.0)" "(0.0, 0.0)"
"(4.011570723684211, 3.738980263157895)" "(0.0, 0.0)" "(0.0, 0.0)" "(0.0, 0.0)"
"(4.0355921052631585, 3.749424342105263)" "(0.0, 0.0)" "(0.0, 0.0)" "(0.0, 0.0)"
"(3.9875493421052637, 3.738980263157895)" "(0.0, 0.0)" "(0.0, 0.0)" "(0.0, 0.0)"
"(4.059613486842106, 3.749424342105263)" "(0.0, 0.0)" "(0.0, 0.0)" "(0.0, 0.0)"
"(4.011570723684211, 3.749424342105263)" "(0.0, 0.0)" "(0.0, 0.0)" "(0.0, 0.0)"
"(4.0355921052631585, 3.780756578947368)" "(0.0, 0.0)" "(0.0, 0.0)" "(0.0, 0.0)"
"(4.083634868421053, 3.7703124999999997)" "(0.0, 0.0)" "(0.0, 0.0)" "(0.0, 0.0)"
"(4.107656250000001, 3.7703124999999997)" "(0.0, 0.0)" "(0.0, 0.0)" "(0.0, 0.0)"
"(4.131677631578948, 3.7598684210526314)" "(0.0, 0.0)" "(0.0, 0.0)" "(0.0, 0.0)"
"(4.059613486842106, 3.7703124999999997)" "(0.0, 0.0)" "(0.0, 0.0)" "(0.0, 0.0)"
"(4.083634868421053, 3.7703124999999997)" "(0.0, 0.0)" "(0.0, 0.0)" "(0.0, 0.0)"
"(4.107656250000001, 3.7598684210526314)" "(0.0, 0.0)" "(0.0, 0.0)" "(0.0, 0.0)"
"(4.083634868421053, 3.7703124999999997)" "(0.0, 0.0)" "(0.0, 0.0)" "(0.0, 0.0)"
"(4.083634868421053, 3.780756578947368)" "(0.0, 0.0)" "(0.0, 0.0)" "(0.0, 0.0)"
"(4.011570723684211, 3.7703124999999997)" "(0.0, 0.0)" "(0.0, 0.0)" "(0.0, 0.0)"
"(4.059613486842106, 3.7598684210526314)" "(0.0, 0.0)" "(0.0, 0.0)" "(0.0, 0.0)"
"(4.059613486842106, 3.749424342105263)" "(0.0, 0.0)" "(0.0, 0.0)" "(0.0, 0.0)"
"(4.059613486842106, 3.749424342105263)" "(0.0, 0.0)" "(0.0, 0.0)" "(0.0, 0.0)"
"(4.131677631578948, 3.738980263157895)" "(0.0, 0.0)" "(0.0, 0.0)" "(0.0, 0.0)"
"(4.083634868421053, 3.7598684210526314)" "(0.0, 0.0)" "(0.0, 0.0)" "(0.0, 0.0)"
"(4.083634868421053, 3.7598684210526314)" "(0.0, 0.0)" "(0.0, 0.0)" "(0.0, 0.0)"
"(4.107656250000001, 3.7598684210526314)" "(0.0, 0.0)" "(0.0, 0.0)" "(0.0, 0.0)"
"(4.011570723684211, 3.7598684210526314)" "(0.0, 0.0)" "(0.0, 0.0)" "(0.0, 0.0)"
"(4.011570723684211, 3.7598684210526314)" "(0.0, 0.0)" "(0.0, 0.0)" "(0.0, 0.0)"
"(4.0355921052631585, 3.7598684210526314)" "(0.0, 0.0)" "(0.0, 0.0)" "(0.0, 0.0)"
"(3.9875493421052637, 3.7703124999999997)" "(0.0, 0.0)" "(0.0, 0.0)" "(0.0, 0.0)"
"(3.9635279605263163, 3.7703124999999997)" "(0.0, 0.0)" "(0.0, 0.0)" "(0.0, 0.0)"
"(4.011570723684211, 3.7598684210526314)" "(0.0, 0.0)" "(0.0, 0.0)" "(0.0, 0.0)"
"(4.059613486842106, 3.749424342105263)" "(0.0, 0.0)" "(0.0, 0.0)" "(0.0, 0.0)"
"(4.0355921052631585, 3.749424342105263)" "(0.0, 0.0)" "(0.0, 0.0)" "(0.0, 0.0)"
"(4.059613486842106, 3.7598684210526314)" "(0.0, 0.0)" "(0.0, 0.0)" "(0.0, 0.0)"
"(4.059613486842106, 3.7703124999999997)" "(0.0, 0.0)" "(0.0, 0.0)" "(0.0, 0.0)"
"(4.011570723684211, 3.7598684210526314)" "(0.0, 0.0)" "(0.0, 0.0)" "(0.0, 0.0)"
"(4.083634868421053, 3.749424342105263)" "(0.0, 0.0)" "(0.0, 0.0)" "(0.0, 0.0)"
"(4.011570723684211, 3.749424342105263)" "(0.0, 0.0)" "(0.0, 0.0)" "(0.0, 0.0)"
"(4.059613486842106, 3.7598684210526314)" "(0.0, 0.0)" "(0.0, 0.0)" "(0.0, 0.0)"
"(4.107656250000001, 3.749424342105263)" "(0.0, 0.0)" "(0.0, 0.0)" "(0.0, 0.0)"
"(4.107656250000001, 3.7598684210526314)" "(0.0, 0.0)" "(0.0, 0.0)" "(0.0, 0.0)"
"(4.1556990131578955, 3.7598684210526314)" "(0.0, 0.0)" "(0.0, 0.0)" "(0.0, 0.0)"
"(4.083634868421053, 3.749424342105263)" "(28.729572368421056, 4.03141447368421)" "(0.0, 0.0)" "(0.0, 0.0)"
"(4.083634868421053, 3.7598684210526314)" "(28.77761513157895, 3.96875)" "(0.0, 0.0)" "(0.0, 0.0)"
"(4.059613486842106, 3.749424342105263)" "(28.89772203947369, 3.9896381578947366)" "(0.0, 0.0)" "(0.0, 0.0)"
"(4.059613486842106, 3.738980263157895)" "(28.87370065789474, 3.9374177631578946)" "(0.0, 0.0)" "(0.0, 0.0)"
"(4.0355921052631585, 3.749424342105263)" "(28.849679276315793, 3.895641447368421)" "(0.0, 0.0)" "(0.0, 0.0)"
"(4.059613486842106, 3.7703124999999997)" "(28.825657894736846, 3.895641447368421)" "(0.0, 0.0)" "(0.0, 0.0)"
"(4.059613486842106, 3.7703124999999997)" "(28.825657894736846, 3.906085526315789)" "(0.0, 0.0)" "(0.0, 0.0)"
"(4.0355921052631585, 3.749424342105263)" "(28.8016365131579, 3.9165296052631575)" "(0.0, 0.0)" "(0.0, 0.0)"
"(4.107656250000001, 3.7703124999999997)" "(28.825657894736846, 3.906085526315789)" "(0.0, 0.0)" "(0.0, 0.0)"
"(4.083634868421053, 3.7703124999999997)" "(28.8016365131579, 3.906085526315789)" "(0.0, 0.0)" "(0.0, 0.0)"
"(4.083634868421053, 3.7703124999999997)" "(28.729572368421056, 3.9374177631578946)" "(0.0, 0.0)" "(0.0, 0.0)"
"(4.059613486842106, 3.7703124999999997)" "(28.70555098684211, 3.947861842105263)" "(0.0, 0.0)" "(0.0, 0.0)"
"(4.0355921052631585, 3.7703124999999997)" "(28.753593750000004, 3.9374177631578946)" "(0.0, 0.0)" "(0.0, 0.0)"
"(4.059613486842106, 3.7598684210526314)" "(28.70555098684211, 3.9896381578947366)" "(0.0, 0.0)" "(0.0, 0.0)"
"(4.20374177631579, 3.7703124999999997)" "(28.87370065789474, 4.052302631578947)" "(0.0, 0.0)" "(0.0, 0.0)"
"(4.20374177631579, 3.7703124999999997)" "(28.89772203947369, 4.1254111842105265)" "(0.0, 0.0)" "(0.0, 0.0)"
"(4.179720394736843, 3.7598684210526314)" "(0.0, 0.0)" "(0.0, 0.0)" "(0.0, 0.0)"
"(4.179720394736843, 3.7703124999999997)" "(0.0, 0.0)" "(0.0, 0.0)" "(0.0, 0.0)"
"(4.083634868421053, 3.7703124999999997)" "(0.0, 0.0)" "(0.0, 0.0)" "(0.0, 0.0)"
"(4.107656250000001, 3.7703124999999997)" "(0.0, 0.0)" "(0.0, 0.0)" "(0.0, 0.0)"
"(4.131677631578948, 3.7703124999999997)" "(0.0, 0.0)" "(0.0, 0.0)" "(0.0, 0.0)"
"(4.227763157894737, 3.7598684210526314)" "(0.0, 0.0)" "(0.0, 0.0)" "(0.0, 0.0)"
"(4.083634868421053, 3.749424342105263)" "(0.0, 0.0)" "(0.0, 0.0)" "(0.0, 0.0)"
"(4.179720394736843, 3.7703124999999997)" "(0.0, 0.0)" "(0.0, 0.0)" "(0.0, 0.0)"
"(4.059613486842106, 3.7598684210526314)" "(28.201101973684214, 4.135855263157895)" "(0.0, 0.0)" "(0.0, 0.0)"
"(4.131677631578948, 3.7598684210526314)" "(0.0, 0.0)" "(0.0, 0.0)" "(0.0, 0.0)"
"(4.083634868421053, 3.7598684210526314)" "(28.15305921052632, 4.094078947368421)" "(0.0, 0.0)" "(0.0, 0.0)"
"(4.083634868421053, 3.7703124999999997)" "(28.105016447368424, 4.052302631578947)" "(0.0, 0.0)" "(0.0, 0.0)"
"(4.011570723684211, 3.7598684210526314)" "(28.105016447368424, 4.062746710526316)" "(0.0, 0.0)" "(0.0, 0.0)"
"(4.059613486842106, 3.7598684210526314)" "(28.12903782894737, 4.083634868421052)" "(0.0, 0.0)" "(0.0, 0.0)"
"(4.059613486842106, 3.7703124999999997)" "(28.105016447368424, 4.062746710526316)" "(0.0, 0.0)" "(0.0, 0.0)"
"(4.0355921052631585, 3.7703124999999997)" "(28.12903782894737, 4.094078947368421)" "(0.0, 0.0)" "(0.0, 0.0)"
"(4.083634868421053, 3.7703124999999997)" "(28.15305921052632, 4.083634868421052)" "(0.0, 0.0)" "(0.0, 0.0)"
"(4.059613486842106, 3.7598684210526314)" "(28.12903782894737, 4.094078947368421)" "(0.0, 0.0)" "(0.0, 0.0)"
"(4.059613486842106, 3.7598684210526314)" "(28.15305921052632, 4.083634868421052)" "(0.0, 0.0)" "(0.0, 0.0)"
"(4.0355921052631585, 3.749424342105263)" "(28.12903782894737, 4.094078947368421)" "(0.0, 0.0)" "(0.0, 0.0)"
"(4.083634868421053, 3.7598684210526314)" "(28.15305921052632, 4.073190789473684)" "(0.0, 0.0)" "(0.0, 0.0)"
"(4.059613486842106, 3.7598684210526314)" "(28.12903782894737, 4.094078947368421)" "(0.0, 0.0)" "(0.0, 0.0)"
"(4.011570723684211, 3.780756578947368)" "(28.12903782894737, 4.094078947368421)" "(3.891463815789474, 8.773026315789473)" "(0.0, 0.0)"
"(4.059613486842106, 3.7703124999999997)" "(28.15305921052632, 4.083634868421052)" "(3.9875493421052637, 8.835690789473684)" "(0.0, 0.0)"
"(4.0355921052631585, 3.7703124999999997)" "(28.15305921052632, 4.073190789473684)" "(0.0, 0.0)" "(0.0, 0.0)"
"(4.107656250000001, 3.7703124999999997)" "(28.12903782894737, 4.094078947368421)" "(0.0, 0.0)" "(0.0, 0.0)"
"(4.083634868421053, 3.7703124999999997)" "(28.12903782894737, 4.083634868421052)" "(0.0, 0.0)" "(0.0, 0.0)"
"(4.083634868421053, 3.7703124999999997)" "(28.12903782894737, 4.062746710526316)" "(0.0, 0.0)" "(0.0, 0.0)"
"(4.0355921052631585, 3.7703124999999997)" "(28.15305921052632, 4.052302631578947)" "(0.0, 0.0)" "(0.0, 0.0)"
"(4.011570723684211, 3.7598684210526314)" "(28.12903782894737, 4.062746710526316)" "(0.0, 0.0)" "(0.0, 0.0)"
"(4.083634868421053, 3.7598684210526314)" "(28.080995065789477, 4.073190789473684)" "(0.0, 0.0)" "(0.0, 0.0)"
"(4.059613486842106, 3.7598684210526314)" "(28.05697368421053, 4.083634868421052)" "(0.0, 0.0)" "(0.0, 0.0)"
"(4.0355921052631585, 3.7703124999999997)" "(28.032952302631582, 4.083634868421052)" "(0.0, 0.0)" "(0.0, 0.0)"
"(4.0355921052631585, 3.7598684210526314)" "(28.05697368421053, 4.062746710526316)" "(0.0, 0.0)" "(0.0, 0.0)"
"(4.0355921052631585, 3.749424342105263)" "(28.177080592105266, 4.073190789473684)" "(0.0, 0.0)" "(0.0, 0.0)"
"(4.083634868421053, 3.738980263157895)" "(28.297187500000003, 4.052302631578947)" "(0.0, 0.0)" "(0.0, 0.0)"
"(4.059613486842106, 3.749424342105263)" "(0.0, 0.0)" "(0.0, 0.0)" "(0.0, 0.0)"
